{
  "classname": null,
  "name": null,
  "animation": {
    "classname": null,
    "name": "AnimationManager",
    "actionlist": [
      {
        "classname": null,
        "name": "animIn",
        "actionnodelist": [
          {
            "classname": null,
            "name": "creditsDialog",
            "ActionTag": 5050682,
            "actionframelist": [
              {
                "classname": null,
                "name": null,
                "colorb": 255,
                "colorg": 255,
                "colorr": 255,
                "frameid": 0,
                "opacity": 255,
                "positionx": 257,
                "positiony": -97.0000153,
                "rotation": 0,
                "scalex": 1,
                "scaley": 1,
                "starttime": 0,
                "tweenParameter": [
                  0,
                  0,
                  1,
                  1
                ],
                "tweenType": 0,
                "visible": false
              },
              {
                "classname": null,
                "name": null,
                "colorb": 255,
                "colorg": 255,
                "colorr": 255,
                "frameid": 3,
                "opacity": 255,
                "positionx": 255.999985,
                "positiony": 184.68,
                "rotation": 0,
                "scalex": 1,
                "scaley": 1,
                "starttime": 0,
                "tweenParameter": [
                  0,
                  0,
                  1,
                  1
                ],
                "tweenType": 26,
                "visible": false
              }
            ]
          }
        ],
        "loop": false,
        "unittime": 0.1
      },
      {
        "classname": null,
        "name": "animOut",
        "actionnodelist": [
          {
            "classname": null,
            "name": "creditsDialog",
            "ActionTag": 5050682,
            "actionframelist": [
              {
                "classname": null,
                "name": null,
                "colorb": 255,
                "colorg": 255,
                "colorr": 255,
                "frameid": 0,
                "opacity": 255,
                "positionx": 255,
                "positiony": 184,
                "rotation": 0,
                "scalex": 1,
                "scaley": 1,
                "starttime": 0,
                "tweenParameter": [
                  0,
                  0,
                  1,
                  1
                ],
                "tweenType": 0,
                "visible": false
              },
              {
                "classname": null,
                "name": null,
                "colorb": 255,
                "colorg": 255,
                "colorr": 255,
                "frameid": 4,
                "opacity": 255,
                "positionx": 253,
                "positiony": -97.0000153,
                "rotation": 0,
                "scalex": 1,
                "scaley": 1,
                "starttime": 0,
                "tweenParameter": [
                  0,
                  0,
                  1,
                  1
                ],
                "tweenType": 25,
                "visible": false
              }
            ]
          }
        ],
        "loop": false,
        "unittime": 0.1
      }
    ]
  },
  "dataScale": 1,
  "designHeight": 342,
  "designWidth": 512,
  "textures": [
    "Res1.plist"
  ],
  "texturesPng": [
    "Res1.plist",
    "GUI/button.png",
    "Res1.plist",
    "Res1.plist"
  ],
  "version": "1.6.0.0",
  "widgetTree": {
    "classname": "Panel",
    "name": null,
    "children": [
      {
        "classname": "ImageView",
        "name": null,
        "children": [
          {
            "classname": "Label",
            "name": null,
            "children": [],
            "options": {
              "__type": "LabelSurrogate:#EditorCommon.JsonModel.Component.GUI",
              "classname": "Label",
              "name": "Label_10",
              "ZOrder": 0,
              "actiontag": 53867481,
              "anchorPointX": 0.5,
              "anchorPointY": 0.5,
              "classType": "CocoStudio.EngineAdapterWrap.CSLabel",
              "colorB": 255,
              "colorG": 255,
              "colorR": 255,
              "customProperty": "",
              "flipX": false,
              "flipY": false,
              "height": 25.6500015,
              "ignoreSize": false,
              "layoutParameter": null,
              "opacity": 255,
              "positionPercentX": 0,
              "positionPercentY": -0.345029235,
              "positionType": 1,
              "rotation": 0,
              "scaleX": 1,
              "scaleY": 1,
              "sizePercentX": 0.9,
              "sizePercentY": 0.15,
              "sizeType": 1,
              "tag": 265,
              "touchAble": false,
              "useMergedTexture": false,
              "visible": true,
              "width": 230.4,
              "x": 0,
              "y": -59,
              "areaHeight": 25.6500015,
              "areaWidth": 230.4,
              "fontFile": null,
              "fontName": "fonts/Aleo-BoldItalic.ttf",
              "fontSize": 20,
              "hAlignment": 1,
              "text": "Jakub Dziworski",
              "touchScaleEnable": false,
              "vAlignment": 1
            }
          },
          {
            "classname": "Label",
            "name": null,
            "children": [],
            "options": {
              "__type": "LabelSurrogate:#EditorCommon.JsonModel.Component.GUI",
              "classname": "Label",
              "name": "Label_10_0",
              "ZOrder": 0,
              "actiontag": 10708871,
              "anchorPointX": 0.5,
              "anchorPointY": 0.5,
              "classType": "CocoStudio.EngineAdapterWrap.CSLabel",
              "colorB": 255,
              "colorG": 255,
              "colorR": 255,
              "customProperty": "",
              "flipX": false,
              "flipY": false,
              "height": 25.6500015,
              "ignoreSize": false,
              "layoutParameter": null,
              "opacity": 255,
              "positionPercentX": 0,
              "positionPercentY": -0.198830411,
              "positionType": 1,
              "rotation": 0,
              "scaleX": 1,
              "scaleY": 1,
              "sizePercentX": 0.9,
              "sizePercentY": 0.15,
              "sizeType": 1,
              "tag": 266,
              "touchAble": false,
              "useMergedTexture": false,
              "visible": true,
              "width": 230.4,
              "x": 0,
              "y": -34,
              "areaHeight": 25.6500015,
              "areaWidth": 230.4,
              "fontFile": null,
              "fontName": "fonts/Aleo-BoldItalic.ttf",
              "fontSize": 20,
              "hAlignment": 1,
              "text": "everything",
              "touchScaleEnable": false,
              "vAlignment": 1
            }
          },
          {
            "classname": "Label",
            "name": null,
            "children": [],
            "options": {
              "__type": "LabelSurrogate:#EditorCommon.JsonModel.Component.GUI",
              "classname": "Label",
              "name": "Label_10_0_1",
              "ZOrder": 0,
              "actiontag": 29270975,
              "anchorPointX": 0.5,
              "anchorPointY": 0.5,
              "classType": "CocoStudio.EngineAdapterWrap.CSLabel",
              "colorB": 255,
              "colorG": 255,
              "colorR": 255,
              "customProperty": "",
              "flipX": false,
              "flipY": false,
              "height": 25.6500015,
              "ignoreSize": false,
              "layoutParameter": null,
              "opacity": 255,
              "positionPercentX": 0,
              "positionPercentY": 0.198830411,
              "positionType": 1,
              "rotation": 0,
              "scaleX": 1,
              "scaleY": 1,
              "sizePercentX": 0.9,
              "sizePercentY": 0.15,
              "sizeType": 1,
              "tag": 267,
              "touchAble": false,
              "useMergedTexture": false,
              "visible": true,
              "width": 230.4,
              "x": 0,
              "y": 34,
              "areaHeight": 25.6500015,
              "areaWidth": 230.4,
              "fontFile": null,
              "fontName": "fonts/Aleo-BoldItalic.ttf",
              "fontSize": 20,
              "hAlignment": 1,
              "text": "gandA",
              "touchScaleEnable": false,
              "vAlignment": 0
            }
          },
          {
            "classname": "Label",
            "name": null,
            "children": [],
            "options": {
              "__type": "LabelSurrogate:#EditorCommon.JsonModel.Component.GUI",
              "classname": "Label",
              "name": "Label_10_1",
              "ZOrder": 0,
              "actiontag": 62112189,
              "anchorPointX": 0.5,
              "anchorPointY": 0.5,
              "classType": "CocoStudio.EngineAdapterWrap.CSLabel",
              "colorB": 255,
              "colorG": 255,
              "colorR": 255,
              "customProperty": "",
              "flipX": false,
              "flipY": false,
              "height": 25.6500015,
              "ignoreSize": false,
              "layoutParameter": null,
              "opacity": 255,
              "positionPercentX": 0,
              "positionPercentY": 0.0467836261,
              "positionType": 1,
              "rotation": 0,
              "scaleX": 1,
              "scaleY": 1,
              "sizePercentX": 0.9,
              "sizePercentY": 0.15,
              "sizeType": 1,
              "tag": 268,
              "touchAble": false,
              "useMergedTexture": false,
              "visible": true,
              "width": 230.4,
              "x": 0,
              "y": 8,
              "areaHeight": 25.6500015,
              "areaWidth": 230.4,
              "fontFile": null,
              "fontName": "fonts/Aleo-BoldItalic.ttf",
              "fontSize": 20,
              "hAlignment": 1,
              "text": "Mateusz Dziworski",
              "touchScaleEnable": false,
              "vAlignment": 0
            }
          },
          {
            "classname": "Button",
            "name": null,
            "children": [],
            "options": {
              "__type": "ButtonSurrogate:#EditorCommon.JsonModel.Component.GUI",
              "classname": "Button",
              "name": "closeBtn",
              "ZOrder": 0,
              "actiontag": 22138793,
              "anchorPointX": 0.5,
              "anchorPointY": 0.5,
              "classType": "CocoStudio.EngineAdapterWrap.CSButton",
              "colorB": 255,
              "colorG": 255,
              "colorR": 255,
              "customProperty": "",
              "flipX": false,
              "flipY": false,
              "height": 42,
              "ignoreSize": false,
              "layoutParameter": null,
              "opacity": 255,
              "positionPercentX": 0.453125,
              "positionPercentY": 0.4385965,
              "positionType": 1,
              "rotation": 0,
              "scaleX": 1,
              "scaleY": 1,
              "sizePercentX": 0.171875,
              "sizePercentY": 0.245614037,
              "sizeType": 1,
              "tag": 269,
              "touchAble": true,
              "useMergedTexture": false,
              "visible": true,
              "width": 44,
              "x": 116,
              "y": 75,
              "capInsetsHeight": 1,
              "capInsetsWidth": 1,
              "capInsetsX": 0,
              "capInsetsY": 0,
              "disabled": null,
              "disabledData": {
                "path": null,
                "plistFile": null,
                "resourceType": 0
              },
              "fontName": "微软雅黑",
              "fontSize": 14,
              "fontType": 0,
              "normal": null,
              "normalData": {
                "path": "closebtn.png",
                "plistFile": "Res1.plist",
                "resourceType": 1
              },
              "pressed": null,
              "pressedData": {
                "path": null,
                "plistFile": null,
                "resourceType": 0
              },
              "scale9Enable": false,
              "scale9Height": 42,
              "scale9Width": 44,
              "text": "",
              "textColorB": 255,
              "textColorG": 255,
              "textColorR": 255
            }
          }
        ],
        "options": {
          "__type": "ImageViewSurrogate:#EditorCommon.JsonModel.Component.GUI",
          "classname": "ImageView",
          "name": "creditsDialog",
          "ZOrder": 0,
          "actiontag": 5050682,
          "anchorPointX": 0.5,
          "anchorPointY": 0.5,
          "classType": "CocoStudio.EngineAdapterWrap.CSImageView",
          "colorB": 255,
          "colorG": 255,
          "colorR": 255,
          "customProperty": "",
          "flipX": false,
          "flipY": false,
          "height": 171,
          "ignoreSize": false,
          "layoutParameter": null,
          "opacity": 255,
          "positionPercentX": 0.498046875,
          "positionPercentY": 0.5350877,
          "positionType": 1,
          "rotation": 0,
          "scaleX": 1,
          "scaleY": 1,
          "sizePercentX": 0.5,
          "sizePercentY": 0.5,
          "sizeType": 1,
          "tag": 264,
          "touchAble": false,
          "useMergedTexture": false,
          "visible": true,
          "width": 256,
          "x": 255,
          "y": 183,
          "capInsetsHeight": 1,
          "capInsetsWidth": 1,
          "capInsetsX": 0,
          "capInsetsY": 0,
          "fileName": null,
          "fileNameData": {
            "path": "dialogBg.png",
            "plistFile": "Res1.plist",
            "resourceType": 1
          },
          "scale9Enable": false,
          "scale9Height": 171,
          "scale9Width": 256
        }
      }
    ],
    "options": {
      "__type": "PanelSurrogate:#EditorCommon.JsonModel.Component.GUI",
      "classname": "Panel",
      "name": "Panel_18",
      "ZOrder": 0,
      "actiontag": -1,
      "anchorPointX": 0,
      "anchorPointY": 0,
      "classType": "CocoStudio.EngineAdapterWrap.CSPanel",
      "colorB": 255,
      "colorG": 255,
      "colorR": 255,
      "customProperty": "",
      "flipX": false,
      "flipY": false,
      "height": 342,
      "ignoreSize": false,
      "layoutParameter": null,
      "opacity": 255,
      "positionPercentX": 0,
      "positionPercentY": 0,
      "positionType": 0,
      "rotation": 0,
      "scaleX": 1,
      "scaleY": 1,
      "sizePercentX": 1,
      "sizePercentY": 1,
      "sizeType": 0,
      "tag": 245,
      "touchAble": true,
      "useMergedTexture": false,
      "visible": true,
      "width": 512,
      "x": 0,
      "y": 0,
      "adaptScreen": false,
      "backGroundImage": null,
      "backGroundImageData": null,
      "backGroundScale9Enable": false,
      "bgColorB": 255,
      "bgColorG": 200,
      "bgColorOpacity": 0,
      "bgColorR": 150,
      "bgEndColorB": 255,
      "bgEndColorG": 200,
      "bgEndColorR": 150,
      "bgStartColorB": 255,
      "bgStartColorG": 255,
      "bgStartColorR": 255,
      "capInsetsHeight": 1,
      "capInsetsWidth": 1,
      "capInsetsX": 0,
      "capInsetsY": 0,
      "clipAble": false,
      "colorType": 0,
      "layoutType": 0,
      "vectorX": 0,
      "vectorY": -0.5
    }
  }
}