{
  "classname": null,
  "name": null,
  "animation": {
    "classname": null,
    "name": "AnimationManager",
    "actionlist": [
      {
        "classname": null,
        "name": "animIn",
        "actionnodelist": [
          {
            "classname": null,
            "name": "gatesText",
            "ActionTag": 4410881,
            "actionframelist": [
              {
                "classname": null,
                "name": null,
                "colorb": 255,
                "colorg": 255,
                "colorr": 255,
                "frameid": 0,
                "opacity": 255,
                "positionx": -40.32352,
                "positiony": 234.6543,
                "rotation": 0,
                "scalex": -0.0153652206,
                "scaley": 0.0430642739,
                "starttime": 0,
                "tweenParameter": [
                  0,
                  0,
                  1,
                  1
                ],
                "tweenType": 0,
                "visible": false
              },
              {
                "classname": null,
                "name": null,
                "colorb": 255,
                "colorg": 255,
                "colorr": 255,
                "frameid": 17,
                "opacity": 255,
                "positionx": -40.32352,
                "positiony": 234.6543,
                "rotation": 0,
                "scalex": -0.0153652206,
                "scaley": 0.0430642739,
                "starttime": 0,
                "tweenParameter": [
                  0,
                  0,
                  1,
                  1
                ],
                "tweenType": 0,
                "visible": false
              },
              {
                "classname": null,
                "name": null,
                "colorb": 255,
                "colorg": 255,
                "colorr": 255,
                "frameid": 18,
                "opacity": 255,
                "positionx": 255.130447,
                "positiony": 222.836136,
                "rotation": 0,
                "scalex": 0.01,
                "scaley": -0.0100988448,
                "starttime": 0,
                "tweenParameter": [
                  0,
                  0,
                  1,
                  1
                ],
                "tweenType": 0,
                "visible": false
              },
              {
                "classname": null,
                "name": null,
                "colorb": 255,
                "colorg": 255,
                "colorr": 255,
                "frameid": 21,
                "opacity": 255,
                "positionx": 255.130447,
                "positiony": 222.836136,
                "rotation": 0,
                "scalex": 1,
                "scaley": 1,
                "starttime": 0,
                "tweenParameter": [
                  0,
                  0,
                  1,
                  1
                ],
                "tweenType": 26,
                "visible": false
              }
            ]
          },
          {
            "classname": null,
            "name": "aiSmartnessText_0",
            "ActionTag": 45735720,
            "actionframelist": [
              {
                "classname": null,
                "name": null,
                "colorb": 255,
                "colorg": 255,
                "colorr": 255,
                "frameid": 0,
                "opacity": 255,
                "positionx": -206.444443,
                "positiony": 149.238083,
                "rotation": 0,
                "scalex": 0.01,
                "scaley": 0.01,
                "starttime": 0,
                "tweenParameter": [
                  0,
                  0,
                  1,
                  1
                ],
                "tweenType": 0,
                "visible": false
              },
              {
                "classname": null,
                "name": null,
                "colorb": 255,
                "colorg": 255,
                "colorr": 255,
                "frameid": 28,
                "opacity": 255,
                "positionx": -206.444443,
                "positiony": 149.238083,
                "rotation": 0,
                "scalex": 0.01,
                "scaley": 0.01,
                "starttime": 0,
                "tweenParameter": [
                  0,
                  0,
                  1,
                  1
                ],
                "tweenType": 0,
                "visible": false
              },
              {
                "classname": null,
                "name": null,
                "colorb": 255,
                "colorg": 255,
                "colorr": 255,
                "frameid": 29,
                "opacity": 255,
                "positionx": 255.555557,
                "positiony": 153.238083,
                "rotation": 0,
                "scalex": 0.01,
                "scaley": 0.00584948249,
                "starttime": 0,
                "tweenParameter": [
                  0,
                  0,
                  1,
                  1
                ],
                "tweenType": 0,
                "visible": false
              },
              {
                "classname": null,
                "name": null,
                "colorb": 255,
                "colorg": 255,
                "colorr": 255,
                "frameid": 32,
                "opacity": 255,
                "positionx": 255.555557,
                "positiony": 153.238083,
                "rotation": 0,
                "scalex": 1,
                "scaley": 1,
                "starttime": 0,
                "tweenParameter": [
                  0,
                  0,
                  1,
                  1
                ],
                "tweenType": 26,
                "visible": false
              }
            ]
          },
          {
            "classname": null,
            "name": "goalText",
            "ActionTag": 35296793,
            "actionframelist": [
              {
                "classname": null,
                "name": null,
                "colorb": 255,
                "colorg": 255,
                "colorr": 255,
                "frameid": 0,
                "opacity": 255,
                "positionx": -206,
                "positiony": 87.35293,
                "rotation": 0,
                "scalex": 0.01,
                "scaley": -0.0146201737,
                "starttime": 0,
                "tweenParameter": [
                  0,
                  0,
                  1,
                  1
                ],
                "tweenType": 0,
                "visible": false
              },
              {
                "classname": null,
                "name": null,
                "colorb": 255,
                "colorg": 255,
                "colorr": 255,
                "frameid": 33,
                "opacity": 255,
                "positionx": -206,
                "positiony": 87.35293,
                "rotation": 0,
                "scalex": 0.01,
                "scaley": -0.0146201737,
                "starttime": 0,
                "tweenParameter": [
                  0,
                  0,
                  1,
                  1
                ],
                "tweenType": 0,
                "visible": false
              },
              {
                "classname": null,
                "name": null,
                "colorb": 255,
                "colorg": 255,
                "colorr": 255,
                "frameid": 34,
                "opacity": 255,
                "positionx": 256,
                "positiony": 91.35293,
                "rotation": 0,
                "scalex": 0.0104184225,
                "scaley": 0.06432893,
                "starttime": 0,
                "tweenParameter": [
                  0,
                  0,
                  1,
                  1
                ],
                "tweenType": 0,
                "visible": false
              },
              {
                "classname": null,
                "name": null,
                "colorb": 255,
                "colorg": 255,
                "colorr": 255,
                "frameid": 38,
                "opacity": 255,
                "positionx": 256,
                "positiony": 91.35293,
                "rotation": 0,
                "scalex": 1,
                "scaley": 1,
                "starttime": 0,
                "tweenParameter": [
                  0,
                  0,
                  1,
                  1
                ],
                "tweenType": 26,
                "visible": false
              }
            ]
          },
          {
            "classname": null,
            "name": "modeText",
            "ActionTag": 22338847,
            "actionframelist": [
              {
                "classname": null,
                "name": null,
                "colorb": 255,
                "colorg": 255,
                "colorr": 255,
                "frameid": 0,
                "opacity": 255,
                "positionx": -205.445374,
                "positiony": 218.06163,
                "rotation": 0,
                "scalex": 0.01,
                "scaley": 0.01,
                "starttime": 0,
                "tweenParameter": [
                  0,
                  0,
                  1,
                  1
                ],
                "tweenType": 0,
                "visible": false
              },
              {
                "classname": null,
                "name": null,
                "colorb": 255,
                "colorg": 255,
                "colorr": 255,
                "frameid": 13,
                "opacity": 255,
                "positionx": -205.445374,
                "positiony": 218.06163,
                "rotation": 0,
                "scalex": 0.01,
                "scaley": 0.01,
                "starttime": 0,
                "tweenParameter": [
                  0,
                  0,
                  1,
                  1
                ],
                "tweenType": 0,
                "visible": false
              },
              {
                "classname": null,
                "name": null,
                "colorb": 255,
                "colorg": 255,
                "colorr": 255,
                "frameid": 14,
                "opacity": 255,
                "positionx": 256.45462,
                "positiony": 251.061646,
                "rotation": 0,
                "scalex": 0.01,
                "scaley": -0.04093264,
                "starttime": 0,
                "tweenParameter": [
                  0,
                  0,
                  1,
                  1
                ],
                "tweenType": 0,
                "visible": false
              },
              {
                "classname": null,
                "name": null,
                "colorb": 255,
                "colorg": 255,
                "colorr": 255,
                "frameid": 17,
                "opacity": 255,
                "positionx": 255.175308,
                "positiony": 257.234039,
                "rotation": 0,
                "scalex": 1,
                "scaley": 1,
                "starttime": 0,
                "tweenParameter": [
                  0,
                  0,
                  1,
                  1
                ],
                "tweenType": 26,
                "visible": false
              }
            ]
          },
          {
            "classname": null,
            "name": "Image_1",
            "ActionTag": 66515904,
            "actionframelist": [
              {
                "classname": null,
                "name": null,
                "colorb": 255,
                "colorg": 255,
                "colorr": 255,
                "frameid": 0,
                "opacity": 255,
                "positionx": 254.999985,
                "positiony": -168.1586,
                "rotation": 0,
                "scalex": 1,
                "scaley": 1,
                "starttime": 0,
                "tweenParameter": [
                  0,
                  0,
                  1,
                  1
                ],
                "tweenType": 0,
                "visible": false
              },
              {
                "classname": null,
                "name": null,
                "colorb": 255,
                "colorg": 255,
                "colorr": 255,
                "frameid": 4,
                "opacity": 255,
                "positionx": 255,
                "positiony": 170.411774,
                "rotation": 0,
                "scalex": 1,
                "scaley": 1,
                "starttime": 0,
                "tweenParameter": [
                  0,
                  0,
                  1,
                  1
                ],
                "tweenType": 26,
                "visible": false
              }
            ]
          },
          {
            "classname": null,
            "name": "okBtn",
            "ActionTag": 6795142,
            "actionframelist": [
              {
                "classname": null,
                "name": null,
                "colorb": 255,
                "colorg": 255,
                "colorr": 255,
                "frameid": 0,
                "opacity": 255,
                "positionx": -206,
                "positiony": 50.4705849,
                "rotation": 0,
                "scalex": 0.01,
                "scaley": -0.01234634,
                "starttime": 0,
                "tweenParameter": [
                  0,
                  0,
                  1,
                  1
                ],
                "tweenType": 0,
                "visible": false
              },
              {
                "classname": null,
                "name": null,
                "colorb": 255,
                "colorg": 255,
                "colorr": 255,
                "frameid": 39,
                "opacity": 255,
                "positionx": -206,
                "positiony": 50.4705849,
                "rotation": 0,
                "scalex": 0.01,
                "scaley": -0.01234634,
                "starttime": 0,
                "tweenParameter": [
                  0,
                  0,
                  1,
                  1
                ],
                "tweenType": 0,
                "visible": false
              },
              {
                "classname": null,
                "name": null,
                "colorb": 255,
                "colorg": 255,
                "colorr": 255,
                "frameid": 40,
                "opacity": 255,
                "positionx": 256,
                "positiony": 54.4705849,
                "rotation": 0,
                "scalex": 0.03340076,
                "scaley": -0.108521372,
                "starttime": 0,
                "tweenParameter": [
                  0,
                  0,
                  1,
                  1
                ],
                "tweenType": 0,
                "visible": false
              },
              {
                "classname": null,
                "name": null,
                "colorb": 255,
                "colorg": 255,
                "colorr": 255,
                "frameid": 44,
                "opacity": 255,
                "positionx": 256,
                "positiony": 54,
                "rotation": 0,
                "scalex": 1,
                "scaley": 1,
                "starttime": 0,
                "tweenParameter": [
                  0,
                  0,
                  1,
                  1
                ],
                "tweenType": 26,
                "visible": false
              }
            ]
          },
          {
            "classname": null,
            "name": "levelTitleText",
            "ActionTag": 58075324,
            "actionframelist": [
              {
                "classname": null,
                "name": null,
                "colorb": 255,
                "colorg": 255,
                "colorr": 255,
                "frameid": 0,
                "opacity": 255,
                "positionx": -206,
                "positiony": 296.96,
                "rotation": 0,
                "scalex": 0.01,
                "scaley": 0.01,
                "starttime": 0,
                "tweenParameter": [
                  0,
                  0,
                  1,
                  1
                ],
                "tweenType": 0,
                "visible": false
              },
              {
                "classname": null,
                "name": null,
                "colorb": 255,
                "colorg": 255,
                "colorr": 255,
                "frameid": 7,
                "opacity": 255,
                "positionx": -206,
                "positiony": 296.96,
                "rotation": 0,
                "scalex": 0.01,
                "scaley": 0.01,
                "starttime": 0,
                "tweenParameter": [
                  0,
                  0,
                  1,
                  1
                ],
                "tweenType": 0,
                "visible": false
              },
              {
                "classname": null,
                "name": null,
                "colorb": 255,
                "colorg": 255,
                "colorr": 255,
                "frameid": 8,
                "opacity": 255,
                "positionx": 256,
                "positiony": 300.96,
                "rotation": 0,
                "scalex": 0.0153025622,
                "scaley": 0.04971028,
                "starttime": 0,
                "tweenParameter": [
                  0,
                  0,
                  1,
                  1
                ],
                "tweenType": 0,
                "visible": false
              },
              {
                "classname": null,
                "name": null,
                "colorb": 255,
                "colorg": 255,
                "colorr": 255,
                "frameid": 12,
                "opacity": 255,
                "positionx": 256,
                "positiony": 300.96,
                "rotation": 0,
                "scalex": 1,
                "scaley": 1,
                "starttime": 0,
                "tweenParameter": [
                  0,
                  0,
                  1,
                  1
                ],
                "tweenType": 26,
                "visible": false
              }
            ]
          },
          {
            "classname": null,
            "name": "numberOfOpponentsText",
            "ActionTag": 24262293,
            "actionframelist": [
              {
                "classname": null,
                "name": null,
                "colorb": 255,
                "colorg": 255,
                "colorr": 255,
                "frameid": 0,
                "opacity": 255,
                "positionx": -206.909088,
                "positiony": 184.147186,
                "rotation": 0,
                "scalex": 0.01,
                "scaley": 0.01,
                "starttime": 0,
                "tweenParameter": [
                  0,
                  0,
                  1,
                  1
                ],
                "tweenType": 0,
                "visible": false
              },
              {
                "classname": null,
                "name": null,
                "colorb": 255,
                "colorg": 255,
                "colorr": 255,
                "frameid": 22,
                "opacity": 255,
                "positionx": -206.909088,
                "positiony": 184.147186,
                "rotation": 0,
                "scalex": 0.01,
                "scaley": 0.01,
                "starttime": 0,
                "tweenParameter": [
                  0,
                  0,
                  1,
                  1
                ],
                "tweenType": 0,
                "visible": false
              },
              {
                "classname": null,
                "name": null,
                "colorb": 255,
                "colorg": 255,
                "colorr": 255,
                "frameid": 23,
                "opacity": 255,
                "positionx": 255.090912,
                "positiony": 188.147186,
                "rotation": 0,
                "scalex": 0.013674547,
                "scaley": 0.0204710811,
                "starttime": 0,
                "tweenParameter": [
                  0,
                  0,
                  1,
                  1
                ],
                "tweenType": 0,
                "visible": false
              },
              {
                "classname": null,
                "name": null,
                "colorb": 255,
                "colorg": 255,
                "colorr": 255,
                "frameid": 27,
                "opacity": 255,
                "positionx": 255.090912,
                "positiony": 188.147186,
                "rotation": 0,
                "scalex": 1,
                "scaley": 1,
                "starttime": 0,
                "tweenParameter": [
                  0,
                  0,
                  1,
                  1
                ],
                "tweenType": 26,
                "visible": false
              }
            ]
          }
        ],
        "loop": false,
        "unittime": 0.1
      },
      {
        "classname": null,
        "name": "animOut",
        "actionnodelist": [
          {
            "classname": null,
            "name": "gatesText",
            "ActionTag": 4410881,
            "actionframelist": [
              {
                "classname": null,
                "name": null,
                "colorb": 255,
                "colorg": 255,
                "colorr": 255,
                "frameid": 0,
                "opacity": 255,
                "positionx": 255.130447,
                "positiony": 222.836136,
                "rotation": 0,
                "scalex": 1,
                "scaley": 1,
                "starttime": 0,
                "tweenParameter": [
                  0,
                  0,
                  1,
                  1
                ],
                "tweenType": 0,
                "visible": false
              },
              {
                "classname": null,
                "name": null,
                "colorb": 255,
                "colorg": 255,
                "colorr": 255,
                "frameid": 3,
                "opacity": 255,
                "positionx": 263.880432,
                "positiony": -114.662979,
                "rotation": 0,
                "scalex": 1,
                "scaley": 1,
                "starttime": 0,
                "tweenParameter": [
                  0,
                  0,
                  1,
                  1
                ],
                "tweenType": 25,
                "visible": false
              }
            ]
          },
          {
            "classname": null,
            "name": "aiSmartnessText",
            "ActionTag": 45735720,
            "actionframelist": [
              {
                "classname": null,
                "name": null,
                "colorb": 255,
                "colorg": 255,
                "colorr": 255,
                "frameid": 0,
                "opacity": 255,
                "positionx": 255.555557,
                "positiony": 153.238083,
                "rotation": 0,
                "scalex": 1,
                "scaley": 1,
                "starttime": 0,
                "tweenParameter": [
                  0,
                  0,
                  1,
                  1
                ],
                "tweenType": 0,
                "visible": false
              },
              {
                "classname": null,
                "name": null,
                "colorb": 255,
                "colorg": 255,
                "colorr": 255,
                "frameid": 3,
                "opacity": 255,
                "positionx": 264.305542,
                "positiony": -184.260956,
                "rotation": 0,
                "scalex": 1,
                "scaley": 1,
                "starttime": 0,
                "tweenParameter": [
                  0,
                  0,
                  1,
                  1
                ],
                "tweenType": 25,
                "visible": false
              }
            ]
          },
          {
            "classname": null,
            "name": "goalText",
            "ActionTag": 35296793,
            "actionframelist": [
              {
                "classname": null,
                "name": null,
                "colorb": 255,
                "colorg": 255,
                "colorr": 255,
                "frameid": 0,
                "opacity": 255,
                "positionx": 256,
                "positiony": 91.35293,
                "rotation": 0,
                "scalex": 1,
                "scaley": 1,
                "starttime": 0,
                "tweenParameter": [
                  0,
                  0,
                  1,
                  1
                ],
                "tweenType": 0,
                "visible": false
              },
              {
                "classname": null,
                "name": null,
                "colorb": 255,
                "colorg": 255,
                "colorr": 255,
                "frameid": 3,
                "opacity": 255,
                "positionx": 264.75,
                "positiony": -246.146118,
                "rotation": 0,
                "scalex": 1,
                "scaley": 1,
                "starttime": 0,
                "tweenParameter": [
                  0,
                  0,
                  1,
                  1
                ],
                "tweenType": 25,
                "visible": false
              }
            ]
          },
          {
            "classname": null,
            "name": "modeText",
            "ActionTag": 22338847,
            "actionframelist": [
              {
                "classname": null,
                "name": null,
                "colorb": 255,
                "colorg": 255,
                "colorr": 255,
                "frameid": 0,
                "opacity": 255,
                "positionx": 255.175308,
                "positiony": 257.234039,
                "rotation": 0,
                "scalex": 1,
                "scaley": 1,
                "starttime": 0,
                "tweenParameter": [
                  0,
                  0,
                  1,
                  1
                ],
                "tweenType": 0,
                "visible": false
              },
              {
                "classname": null,
                "name": null,
                "colorb": 255,
                "colorg": 255,
                "colorr": 255,
                "frameid": 3,
                "opacity": 255,
                "positionx": 263.9253,
                "positiony": -80.2650757,
                "rotation": 0,
                "scalex": 1,
                "scaley": 1,
                "starttime": 0,
                "tweenParameter": [
                  0,
                  0,
                  1,
                  1
                ],
                "tweenType": 25,
                "visible": false
              }
            ]
          },
          {
            "classname": null,
            "name": "Image_1",
            "ActionTag": 66515904,
            "actionframelist": [
              {
                "classname": null,
                "name": null,
                "colorb": 255,
                "colorg": 255,
                "colorr": 255,
                "frameid": 0,
                "opacity": 255,
                "positionx": 255,
                "positiony": 170.411774,
                "rotation": 0,
                "scalex": 1,
                "scaley": 1,
                "starttime": 0,
                "tweenParameter": [
                  0,
                  0,
                  1,
                  1
                ],
                "tweenType": 0,
                "visible": false
              },
              {
                "classname": null,
                "name": null,
                "colorb": 255,
                "colorg": 255,
                "colorr": 255,
                "frameid": 3,
                "opacity": 255,
                "positionx": 263.75,
                "positiony": -167.087311,
                "rotation": 0,
                "scalex": 1,
                "scaley": 1,
                "starttime": 0,
                "tweenParameter": [
                  0,
                  0,
                  1,
                  1
                ],
                "tweenType": 25,
                "visible": false
              }
            ]
          },
          {
            "classname": null,
            "name": "okBtn",
            "ActionTag": 6795142,
            "actionframelist": [
              {
                "classname": null,
                "name": null,
                "colorb": 255,
                "colorg": 255,
                "colorr": 255,
                "frameid": 0,
                "opacity": 255,
                "positionx": 256,
                "positiony": 54.4705849,
                "rotation": 0,
                "scalex": 1,
                "scaley": 1,
                "starttime": 0,
                "tweenParameter": [
                  0,
                  0,
                  1,
                  1
                ],
                "tweenType": 26,
                "visible": false
              },
              {
                "classname": null,
                "name": null,
                "colorb": 255,
                "colorg": 255,
                "colorr": 255,
                "frameid": 3,
                "opacity": 255,
                "positionx": 264.75,
                "positiony": -283.0285,
                "rotation": 0,
                "scalex": 1,
                "scaley": 1,
                "starttime": 0,
                "tweenParameter": [
                  0,
                  0,
                  1,
                  1
                ],
                "tweenType": 25,
                "visible": false
              }
            ]
          },
          {
            "classname": null,
            "name": "levelTitleText",
            "ActionTag": 58075324,
            "actionframelist": [
              {
                "classname": null,
                "name": null,
                "colorb": 255,
                "colorg": 255,
                "colorr": 255,
                "frameid": 0,
                "opacity": 255,
                "positionx": 256,
                "positiony": 300.96,
                "rotation": 0,
                "scalex": 1,
                "scaley": 1,
                "starttime": 0,
                "tweenParameter": [
                  0,
                  0,
                  1,
                  1
                ],
                "tweenType": 0,
                "visible": false
              },
              {
                "classname": null,
                "name": null,
                "colorb": 255,
                "colorg": 255,
                "colorr": 255,
                "frameid": 3,
                "opacity": 255,
                "positionx": 264.75,
                "positiony": -36.5390854,
                "rotation": 0,
                "scalex": 1,
                "scaley": 1,
                "starttime": 0,
                "tweenParameter": [
                  0,
                  0,
                  1,
                  1
                ],
                "tweenType": 25,
                "visible": false
              }
            ]
          },
          {
            "classname": null,
            "name": "numberOfOpponentsText",
            "ActionTag": 24262293,
            "actionframelist": [
              {
                "classname": null,
                "name": null,
                "colorb": 255,
                "colorg": 255,
                "colorr": 255,
                "frameid": 0,
                "opacity": 255,
                "positionx": 255.090912,
                "positiony": 188.147186,
                "rotation": 0,
                "scalex": 1,
                "scaley": 1,
                "starttime": 0,
                "tweenParameter": [
                  0,
                  0,
                  1,
                  1
                ],
                "tweenType": 0,
                "visible": false
              },
              {
                "classname": null,
                "name": null,
                "colorb": 255,
                "colorg": 255,
                "colorr": 255,
                "frameid": 3,
                "opacity": 255,
                "positionx": 263.8409,
                "positiony": -149.3519,
                "rotation": 0,
                "scalex": 1,
                "scaley": 1,
                "starttime": 0,
                "tweenParameter": [
                  0,
                  0,
                  1,
                  1
                ],
                "tweenType": 25,
                "visible": false
              }
            ]
          }
        ],
        "loop": false,
        "unittime": 0.1
      }
    ]
  },
  "dataScale": 1,
  "designHeight": 342,
  "designWidth": 512,
  "textures": [
    "Res1.plist"
  ],
  "texturesPng": [
    "Res1.plist"
  ],
  "version": "1.6.0.0",
  "widgetTree": {
    "classname": "Panel",
    "name": null,
    "children": [
      {
        "classname": "Label",
        "name": null,
        "children": [],
        "options": {
          "__type": "LabelSurrogate:#EditorCommon.JsonModel.Component.GUI",
          "classname": "Label",
          "name": "numberOfOpponentsText",
          "ZOrder": 1,
          "actiontag": 24262293,
          "anchorPointX": 0.5,
          "anchorPointY": 0.5,
          "classType": "CocoStudio.EngineAdapterWrap.CSLabel",
          "colorB": 255,
          "colorG": 255,
          "colorR": 255,
          "customProperty": "",
          "flipX": false,
          "flipY": false,
          "height": 34.2,
          "ignoreSize": false,
          "layoutParameter": null,
          "opacity": 255,
          "positionPercentX": 0.5153143,
          "positionPercentY": -0.436701447,
          "positionType": 1,
          "rotation": 0,
          "scaleX": 1,
          "scaleY": 1,
          "sizePercentX": 0.6,
          "sizePercentY": 0.1,
          "sizeType": 1,
          "tag": 216,
          "touchAble": false,
          "useMergedTexture": false,
          "visible": true,
          "width": 307.2,
          "x": 255,
          "y": 188,
          "areaHeight": 34.2,
          "areaWidth": 307.2,
          "fontFile": null,
          "fontName": "Aleo-BoldItalic.ttf",
          "fontSize": 16,
          "hAlignment": 1,
          "text": "5 Opponents",
          "touchScaleEnable": false,
          "vAlignment": 1
        }
      },
      {
        "classname": "Label",
        "name": null,
        "children": [],
        "options": {
          "__type": "LabelSurrogate:#EditorCommon.JsonModel.Component.GUI",
          "classname": "Label",
          "name": "levelTitleText",
          "ZOrder": 1,
          "actiontag": 58075324,
          "anchorPointX": 0.5,
          "anchorPointY": 0.5,
          "classType": "CocoStudio.EngineAdapterWrap.CSLabel",
          "colorB": 255,
          "colorG": 255,
          "colorR": 255,
          "customProperty": "",
          "flipX": false,
          "flipY": false,
          "height": 34.2,
          "ignoreSize": false,
          "layoutParameter": null,
          "opacity": 255,
          "positionPercentX": 0.517089844,
          "positionPercentY": -0.106839433,
          "positionType": 1,
          "rotation": 0,
          "scaleX": 1,
          "scaleY": 1,
          "sizePercentX": 0.6,
          "sizePercentY": 0.1,
          "sizeType": 1,
          "tag": 217,
          "touchAble": false,
          "useMergedTexture": false,
          "visible": true,
          "width": 307.2,
          "x": 256,
          "y": 300,
          "areaHeight": 34.2,
          "areaWidth": 307.2,
          "fontFile": null,
          "fontName": "fonts/Aleo-BoldItalic.ttf",
          "fontSize": 25,
          "hAlignment": 1,
          "text": "Poziom 1 ",
          "touchScaleEnable": false,
          "vAlignment": 0
        }
      },
      {
        "classname": "Button",
        "name": null,
        "children": [],
        "options": {
          "__type": "ButtonSurrogate:#EditorCommon.JsonModel.Component.GUI",
          "classname": "Button",
          "name": "okBtn",
          "ZOrder": 1,
          "actiontag": 6795142,
          "anchorPointX": 0.5,
          "anchorPointY": 0.5,
          "classType": "CocoStudio.EngineAdapterWrap.CSButton",
          "colorB": 255,
          "colorG": 255,
          "colorR": 255,
          "customProperty": "",
          "flipX": false,
          "flipY": false,
          "height": 34.3526764,
          "ignoreSize": false,
          "layoutParameter": null,
          "opacity": 255,
          "positionPercentX": 0.517089844,
          "positionPercentY": -0.8275687,
          "positionType": 1,
          "rotation": 0,
          "scaleX": 1,
          "scaleY": 1,
          "sizePercentX": 0.170833334,
          "sizePercentY": 0.100446425,
          "sizeType": 1,
          "tag": 205,
          "touchAble": true,
          "useMergedTexture": false,
          "visible": true,
          "width": 87.46667,
          "x": 256,
          "y": 54,
          "capInsetsHeight": 1,
          "capInsetsWidth": 1,
          "capInsetsX": 0,
          "capInsetsY": 0,
          "disabled": null,
          "disabledData": {
            "path": null,
            "plistFile": null,
            "resourceType": 0
          },
          "fontName": "Aleo-BoldItalic.ttf",
          "fontSize": 25,
          "fontType": 0,
          "normal": null,
          "normalData": {
            "path": "btnOf.png",
            "plistFile": "Res1.plist",
            "resourceType": 1
          },
          "pressed": null,
          "pressedData": {
            "path": null,
            "plistFile": null,
            "resourceType": 0
          },
          "scale9Enable": false,
          "scale9Height": 34.3526764,
          "scale9Width": 87.46667,
          "text": "Play",
          "textColorB": 255,
          "textColorG": 255,
          "textColorR": 255
        }
      },
      {
        "classname": "ImageView",
        "name": null,
        "children": [
          {
            "classname": "Button",
            "name": null,
            "children": [],
            "options": {
              "__type": "ButtonSurrogate:#EditorCommon.JsonModel.Component.GUI",
              "classname": "Button",
              "name": "closeBtn",
              "ZOrder": 0,
              "actiontag": 46887839,
              "anchorPointX": 0.5,
              "anchorPointY": 0.5,
              "classType": "CocoStudio.EngineAdapterWrap.CSButton",
              "colorB": 255,
              "colorG": 255,
              "colorR": 255,
              "customProperty": "",
              "flipX": false,
              "flipY": false,
              "height": 43,
              "ignoreSize": false,
              "layoutParameter": null,
              "opacity": 255,
              "positionPercentX": 0.477120548,
              "positionPercentY": 0.46133855,
              "positionType": 1,
              "rotation": 0,
              "scaleX": 1,
              "scaleY": 1,
              "sizePercentX": 0.122767858,
              "sizePercentY": 0.139701113,
              "sizeType": 1,
              "tag": 221,
              "touchAble": true,
              "useMergedTexture": false,
              "visible": true,
              "width": 44,
              "x": 171,
              "y": 142,
              "capInsetsHeight": 1,
              "capInsetsWidth": 1,
              "capInsetsX": 0,
              "capInsetsY": 0,
              "disabled": null,
              "disabledData": {
                "path": null,
                "plistFile": null,
                "resourceType": 0
              },
              "fontName": "微软雅黑",
              "fontSize": 14,
              "fontType": 0,
              "normal": null,
              "normalData": {
                "path": "closebtn.png",
                "plistFile": "Res1.plist",
                "resourceType": 1
              },
              "pressed": null,
              "pressedData": {
                "path": null,
                "plistFile": null,
                "resourceType": 0
              },
              "scale9Enable": false,
              "scale9Height": 43,
              "scale9Width": 44,
              "text": "",
              "textColorB": 255,
              "textColorG": 255,
              "textColorR": 255
            }
          }
        ],
        "options": {
          "__type": "ImageViewSurrogate:#EditorCommon.JsonModel.Component.GUI",
          "classname": "ImageView",
          "name": "Image_1",
          "ZOrder": 0,
          "actiontag": 66515904,
          "anchorPointX": 0.5,
          "anchorPointY": 0.5,
          "classType": "CocoStudio.EngineAdapterWrap.CSImageView",
          "colorB": 255,
          "colorG": 255,
          "colorR": 255,
          "customProperty": "",
          "flipX": false,
          "flipY": false,
          "height": 307.8,
          "ignoreSize": false,
          "layoutParameter": null,
          "opacity": 255,
          "positionPercentX": 0.5151367,
          "positionPercentY": -0.4885594,
          "positionType": 1,
          "rotation": 0,
          "scaleX": 1,
          "scaleY": 1,
          "sizePercentX": 0.7,
          "sizePercentY": 0.9,
          "sizeType": 1,
          "tag": 65,
          "touchAble": false,
          "useMergedTexture": false,
          "visible": true,
          "width": 358.4,
          "x": 255,
          "y": 170,
          "capInsetsHeight": 1,
          "capInsetsWidth": 1,
          "capInsetsX": 0,
          "capInsetsY": 0,
          "fileName": null,
          "fileNameData": {
            "path": "dialogBg.png",
            "plistFile": "Res1.plist",
            "resourceType": 1
          },
          "scale9Enable": false,
          "scale9Height": 307.8,
          "scale9Width": 358.4
        }
      },
      {
        "classname": "Label",
        "name": null,
        "children": [],
        "options": {
          "__type": "LabelSurrogate:#EditorCommon.JsonModel.Component.GUI",
          "classname": "Label",
          "name": "modeText",
          "ZOrder": 1,
          "actiontag": 22338847,
          "anchorPointX": 0.5,
          "anchorPointY": 0.5,
          "classType": "CocoStudio.EngineAdapterWrap.CSLabel",
          "colorB": 255,
          "colorG": 255,
          "colorR": 255,
          "customProperty": "",
          "flipX": false,
          "flipY": false,
          "height": 34.2,
          "ignoreSize": false,
          "layoutParameter": null,
          "opacity": 255,
          "positionPercentX": 0.5154791,
          "positionPercentY": -0.2346932,
          "positionType": 1,
          "rotation": 0,
          "scaleX": 1,
          "scaleY": 1,
          "sizePercentX": 0.7,
          "sizePercentY": 0.1,
          "sizeType": 1,
          "tag": 220,
          "touchAble": false,
          "useMergedTexture": false,
          "visible": true,
          "width": 358.4,
          "x": 256,
          "y": 257,
          "areaHeight": 34.2,
          "areaWidth": 358.4,
          "fontFile": null,
          "fontName": "Aleo-BoldItalic.ttf",
          "fontSize": 16,
          "hAlignment": 1,
          "text": "Tryb : Zbieracz bramek",
          "touchScaleEnable": false,
          "vAlignment": 1
        }
      },
      {
        "classname": "Label",
        "name": null,
        "children": [],
        "options": {
          "__type": "LabelSurrogate:#EditorCommon.JsonModel.Component.GUI",
          "classname": "Label",
          "name": "goalText",
          "ZOrder": 1,
          "actiontag": 35296793,
          "anchorPointX": 0.5,
          "anchorPointY": 0.5,
          "classType": "CocoStudio.EngineAdapterWrap.CSLabel",
          "colorB": 255,
          "colorG": 255,
          "colorR": 255,
          "customProperty": "",
          "flipX": false,
          "flipY": false,
          "height": 68.4,
          "ignoreSize": false,
          "layoutParameter": null,
          "opacity": 255,
          "positionPercentX": 0.517089844,
          "positionPercentY": -0.7197255,
          "positionType": 1,
          "rotation": 0,
          "scaleX": 1,
          "scaleY": 1,
          "sizePercentX": 0.6,
          "sizePercentY": 0.2,
          "sizeType": 1,
          "tag": 231,
          "touchAble": false,
          "useMergedTexture": false,
          "visible": true,
          "width": 307.2,
          "x": 256,
          "y": 91,
          "areaHeight": 68.4,
          "areaWidth": 307.2,
          "fontFile": null,
          "fontName": "Aleo-BoldItalic.ttf",
          "fontSize": 20,
          "hAlignment": 0,
          "text": "Objective: collect 10 gatessssssssssssssssssssssssss",
          "touchScaleEnable": false,
          "vAlignment": 0
        }
      },
      {
        "classname": "Label",
        "name": null,
        "children": [],
        "options": {
          "__type": "LabelSurrogate:#EditorCommon.JsonModel.Component.GUI",
          "classname": "Label",
          "name": "aiSmartnessText",
          "ZOrder": 1,
          "actiontag": 45735720,
          "anchorPointX": 0.5,
          "anchorPointY": 0.5,
          "classType": "CocoStudio.EngineAdapterWrap.CSLabel",
          "colorB": 255,
          "colorG": 255,
          "colorR": 255,
          "customProperty": "",
          "flipX": false,
          "flipY": false,
          "height": 34.2,
          "ignoreSize": false,
          "layoutParameter": null,
          "opacity": 255,
          "positionPercentX": 0.516221762,
          "positionPercentY": -0.5387747,
          "positionType": 1,
          "rotation": 0,
          "scaleX": 1,
          "scaleY": 1,
          "sizePercentX": 0.6,
          "sizePercentY": 0.1,
          "sizeType": 1,
          "tag": 242,
          "touchAble": false,
          "useMergedTexture": false,
          "visible": true,
          "width": 307.2,
          "x": 255,
          "y": 153,
          "areaHeight": 34.2,
          "areaWidth": 307.2,
          "fontFile": null,
          "fontName": "fonts/Aleo-BoldItalic.ttf",
          "fontSize": 16,
          "hAlignment": 1,
          "text": "Smart enemies",
          "touchScaleEnable": false,
          "vAlignment": 1
        }
      },
      {
        "classname": "Label",
        "name": null,
        "children": [],
        "options": {
          "__type": "LabelSurrogate:#EditorCommon.JsonModel.Component.GUI",
          "classname": "Label",
          "name": "gatesText",
          "ZOrder": 1,
          "actiontag": 4410881,
          "anchorPointX": 0.5,
          "anchorPointY": 0.5,
          "classType": "CocoStudio.EngineAdapterWrap.CSLabel",
          "colorB": 255,
          "colorG": 255,
          "colorR": 255,
          "customProperty": "",
          "flipX": false,
          "flipY": false,
          "height": 34.2,
          "ignoreSize": false,
          "layoutParameter": null,
          "opacity": 255,
          "positionPercentX": 0.515391469,
          "positionPercentY": -0.335271865,
          "positionType": 1,
          "rotation": 0,
          "scaleX": 1,
          "scaleY": 1,
          "sizePercentX": 0.7,
          "sizePercentY": 0.1,
          "sizeType": 1,
          "tag": 254,
          "touchAble": false,
          "useMergedTexture": false,
          "visible": true,
          "width": 358.4,
          "x": 255,
          "y": 222,
          "areaHeight": 34.2,
          "areaWidth": 358.4,
          "fontFile": null,
          "fontName": "fonts/Aleo-BoldItalic.ttf",
          "fontSize": 16,
          "hAlignment": 1,
          "text": "9 bramek",
          "touchScaleEnable": false,
          "vAlignment": 1
        }
      }
    ],
    "options": {
      "__type": "PanelSurrogate:#EditorCommon.JsonModel.Component.GUI",
      "classname": "Panel",
      "name": "Panel_5",
      "ZOrder": 0,
      "actiontag": -1,
      "anchorPointX": 0,
      "anchorPointY": 0,
      "classType": "CocoStudio.EngineAdapterWrap.CSPanel",
      "colorB": 255,
      "colorG": 255,
      "colorR": 255,
      "customProperty": "",
      "flipX": false,
      "flipY": false,
      "height": 342,
      "ignoreSize": false,
      "layoutParameter": null,
      "opacity": 255,
      "positionPercentX": 0,
      "positionPercentY": 0,
      "positionType": 0,
      "rotation": 0,
      "scaleX": 1,
      "scaleY": 1,
      "sizePercentX": 1,
      "sizePercentY": 1,
      "sizeType": 0,
      "tag": 64,
      "touchAble": false,
      "useMergedTexture": false,
      "visible": true,
      "width": 512,
      "x": 0,
      "y": 0,
      "adaptScreen": true,
      "backGroundImage": null,
      "backGroundImageData": null,
      "backGroundScale9Enable": false,
      "bgColorB": 255,
      "bgColorG": 200,
      "bgColorOpacity": 0,
      "bgColorR": 150,
      "bgEndColorB": 255,
      "bgEndColorG": 200,
      "bgEndColorR": 150,
      "bgStartColorB": 255,
      "bgStartColorG": 255,
      "bgStartColorR": 255,
      "capInsetsHeight": 1,
      "capInsetsWidth": 1,
      "capInsetsX": 0,
      "capInsetsY": 0,
      "clipAble": false,
      "colorType": 0,
      "layoutType": 0,
      "vectorX": 0,
      "vectorY": -0.5
    }
  }
}