{
  "classname": null,
  "name": null,
  "animation": {
    "classname": null,
    "name": "AnimationManager",
    "actionlist": []
  },
  "dataScale": 1,
  "designHeight": 342,
  "designWidth": 512,
  "textures": [
    "Res1.plist"
  ],
  "texturesPng": [
    "Res1.plist",
    "GUI/button.png"
  ],
  "version": "1.6.0.0",
  "widgetTree": {
    "classname": "Panel",
    "name": null,
    "children": [
      {
        "classname": "Button",
        "name": null,
        "children": [],
        "options": {
          "__type": "ButtonSurrogate:#EditorCommon.JsonModel.Component.GUI",
          "classname": "Button",
          "name": "BackBtn",
          "ZOrder": 0,
          "actiontag": 46564799,
          "anchorPointX": 0.5,
          "anchorPointY": 0.5,
          "classType": "CocoStudio.EngineAdapterWrap.CSButton",
          "colorB": 255,
          "colorG": 255,
          "colorR": 255,
          "customProperty": "",
          "flipX": false,
          "flipY": false,
          "height": 42,
          "ignoreSize": false,
          "layoutParameter": null,
          "opacity": 255,
          "positionPercentX": 0.109375,
          "positionPercentY": 0.865497053,
          "positionType": 0,
          "rotation": 0,
          "scaleX": 1,
          "scaleY": 1,
          "sizePercentX": 0.0859375,
          "sizePercentY": 0.122807018,
          "sizeType": 1,
          "tag": 117,
          "touchAble": true,
          "useMergedTexture": false,
          "visible": true,
          "width": 44,
          "x": 56,
          "y": 296,
          "capInsetsHeight": 1,
          "capInsetsWidth": 1,
          "capInsetsX": 0,
          "capInsetsY": 0,
          "disabled": null,
          "disabledData": {
            "path": null,
            "plistFile": null,
            "resourceType": 0
          },
          "fontName": "微软雅黑",
          "fontSize": 14,
          "fontType": 0,
          "normal": null,
          "normalData": {
            "path": "btnBackOf.png",
            "plistFile": "Res1.plist",
            "resourceType": 1
          },
          "pressed": null,
          "pressedData": {
            "path": null,
            "plistFile": null,
            "resourceType": 0
          },
          "scale9Enable": false,
          "scale9Height": 42,
          "scale9Width": 44,
          "text": "",
          "textColorB": 255,
          "textColorG": 255,
          "textColorR": 255
        }
      },
      {
        "classname": "Panel",
        "name": null,
        "children": [
          {
            "classname": "Button",
            "name": null,
            "children": [],
            "options": {
              "__type": "ButtonSurrogate:#EditorCommon.JsonModel.Component.GUI",
              "classname": "Button",
              "name": "CustomSinglePlayerBtn",
              "ZOrder": 0,
              "actiontag": 6058257,
              "anchorPointX": 0.5,
              "anchorPointY": 0.5,
              "classType": "CocoStudio.EngineAdapterWrap.CSButton",
              "colorB": 255,
              "colorG": 255,
              "colorR": 255,
              "customProperty": "",
              "flipX": false,
              "flipY": false,
              "height": 43,
              "ignoreSize": false,
              "layoutParameter": null,
              "opacity": 255,
              "positionPercentX": 0.5,
              "positionPercentY": 0.397660822,
              "positionType": 1,
              "rotation": 0,
              "scaleX": 1,
              "scaleY": 1,
              "sizePercentX": 0.228515625,
              "sizePercentY": 0.125730991,
              "sizeType": 1,
              "tag": 120,
              "touchAble": true,
              "useMergedTexture": false,
              "visible": true,
              "width": 117,
              "x": 256,
              "y": 136,
              "capInsetsHeight": 1,
              "capInsetsWidth": 1,
              "capInsetsX": 0,
              "capInsetsY": 0,
              "disabled": null,
              "disabledData": {
                "path": null,
                "plistFile": null,
                "resourceType": 0
              },
              "fontName": "fonts/Aleo-Regular.ttf",
              "fontSize": 17,
              "fontType": 0,
              "normal": null,
              "normalData": {
                "path": "btnOf.png",
                "plistFile": "Res1.plist",
                "resourceType": 1
              },
              "pressed": null,
              "pressedData": {
                "path": null,
                "plistFile": null,
                "resourceType": 0
              },
              "scale9Enable": false,
              "scale9Height": 43,
              "scale9Width": 117,
              "text": "SinglePlayer",
              "textColorB": 255,
              "textColorG": 255,
              "textColorR": 255
            }
          },
          {
            "classname": "Button",
            "name": null,
            "children": [],
            "options": {
              "__type": "ButtonSurrogate:#EditorCommon.JsonModel.Component.GUI",
              "classname": "Button",
              "name": "CarrerBtn",
              "ZOrder": 0,
              "actiontag": 43952565,
              "anchorPointX": 0.5,
              "anchorPointY": 0.5,
              "classType": "CocoStudio.EngineAdapterWrap.CSButton",
              "colorB": 255,
              "colorG": 255,
              "colorR": 255,
              "customProperty": "",
              "flipX": false,
              "flipY": false,
              "height": 43,
              "ignoreSize": false,
              "layoutParameter": null,
              "opacity": 255,
              "positionPercentX": 0.5,
              "positionPercentY": 0.5994152,
              "positionType": 1,
              "rotation": 0,
              "scaleX": 1,
              "scaleY": 1,
              "sizePercentX": 0.228515625,
              "sizePercentY": 0.125730991,
              "sizeType": 1,
              "tag": 121,
              "touchAble": true,
              "useMergedTexture": false,
              "visible": true,
              "width": 117,
              "x": 256,
              "y": 205,
              "capInsetsHeight": 1,
              "capInsetsWidth": 1,
              "capInsetsX": 0,
              "capInsetsY": 0,
              "disabled": null,
              "disabledData": {
                "path": null,
                "plistFile": null,
                "resourceType": 0
              },
              "fontName": "fonts/Aleo-Regular.ttf",
              "fontSize": 14,
              "fontType": 0,
              "normal": null,
              "normalData": {
                "path": "btnOf.png",
                "plistFile": "Res1.plist",
                "resourceType": 1
              },
              "pressed": null,
              "pressedData": {
                "path": null,
                "plistFile": null,
                "resourceType": 0
              },
              "scale9Enable": false,
              "scale9Height": 43,
              "scale9Width": 117,
              "text": "Carrer",
              "textColorB": 255,
              "textColorG": 255,
              "textColorR": 255
            }
          }
        ],
        "options": {
          "__type": "PanelSurrogate:#EditorCommon.JsonModel.Component.GUI",
          "classname": "Panel",
          "name": "singlePlayerPanel",
          "ZOrder": 0,
          "actiontag": 55763318,
          "anchorPointX": 0,
          "anchorPointY": 0,
          "classType": "CocoStudio.EngineAdapterWrap.CSPanel",
          "colorB": 255,
          "colorG": 255,
          "colorR": 255,
          "customProperty": "",
          "flipX": false,
          "flipY": false,
          "height": 342,
          "ignoreSize": false,
          "layoutParameter": null,
          "opacity": 255,
          "positionPercentX": 0,
          "positionPercentY": 0,
          "positionType": 1,
          "rotation": 0,
          "scaleX": 1,
          "scaleY": 1,
          "sizePercentX": 1,
          "sizePercentY": 1,
          "sizeType": 1,
          "tag": 119,
          "touchAble": false,
          "useMergedTexture": false,
          "visible": false,
          "width": 512,
          "x": 0,
          "y": 0,
          "adaptScreen": false,
          "backGroundImage": null,
          "backGroundImageData": null,
          "backGroundScale9Enable": false,
          "bgColorB": 255,
          "bgColorG": 200,
          "bgColorOpacity": 0,
          "bgColorR": 150,
          "bgEndColorB": 255,
          "bgEndColorG": 200,
          "bgEndColorR": 150,
          "bgStartColorB": 255,
          "bgStartColorG": 255,
          "bgStartColorR": 255,
          "capInsetsHeight": 1,
          "capInsetsWidth": 1,
          "capInsetsX": 0,
          "capInsetsY": 0,
          "clipAble": false,
          "colorType": 0,
          "layoutType": 0,
          "vectorX": 0,
          "vectorY": -0.5
        }
      },
      {
        "classname": "ImageView",
        "name": null,
        "children": [],
        "options": {
          "__type": "ImageViewSurrogate:#EditorCommon.JsonModel.Component.GUI",
          "classname": "ImageView",
          "name": "BackGroundImage",
          "ZOrder": 0,
          "actiontag": 45732164,
          "anchorPointX": 0,
          "anchorPointY": 0,
          "classType": "CocoStudio.EngineAdapterWrap.CSImageView",
          "colorB": 255,
          "colorG": 255,
          "colorR": 255,
          "customProperty": "",
          "flipX": false,
          "flipY": false,
          "height": 342,
          "ignoreSize": false,
          "layoutParameter": null,
          "opacity": 255,
          "positionPercentX": 0,
          "positionPercentY": 0,
          "positionType": 1,
          "rotation": 0,
          "scaleX": 1,
          "scaleY": 1,
          "sizePercentX": 1,
          "sizePercentY": 1,
          "sizeType": 1,
          "tag": 102,
          "touchAble": false,
          "useMergedTexture": false,
          "visible": true,
          "width": 512,
          "x": 0,
          "y": 0,
          "capInsetsHeight": 1,
          "capInsetsWidth": 1,
          "capInsetsX": 0,
          "capInsetsY": 0,
          "fileName": null,
          "fileNameData": {
            "path": "tlo.png",
            "plistFile": "Res1.plist",
            "resourceType": 1
          },
          "scale9Enable": false,
          "scale9Height": 342,
          "scale9Width": 512
        }
      },
      {
        "classname": "Panel",
        "name": null,
        "children": [
          {
            "classname": "Button",
            "name": null,
            "children": [],
            "options": {
              "__type": "ButtonSurrogate:#EditorCommon.JsonModel.Component.GUI",
              "classname": "Button",
              "name": "SinglePlayerBtn",
              "ZOrder": 0,
              "actiontag": 57519772,
              "anchorPointX": 0.5,
              "anchorPointY": 0.5,
              "classType": "CocoStudio.EngineAdapterWrap.CSButton",
              "colorB": 255,
              "colorG": 255,
              "colorR": 255,
              "customProperty": "",
              "flipX": false,
              "flipY": false,
              "height": 43,
              "ignoreSize": false,
              "layoutParameter": null,
              "opacity": 255,
              "positionPercentX": 0.49609375,
              "positionPercentY": 0.6988304,
              "positionType": 1,
              "rotation": 0,
              "scaleX": 1,
              "scaleY": 1,
              "sizePercentX": 0.228515625,
              "sizePercentY": 0.125730991,
              "sizeType": 1,
              "tag": 104,
              "touchAble": true,
              "useMergedTexture": false,
              "visible": true,
              "width": 117,
              "x": 254,
              "y": 239,
              "capInsetsHeight": 1,
              "capInsetsWidth": 1,
              "capInsetsX": 0,
              "capInsetsY": 0,
              "disabled": null,
              "disabledData": {
                "path": null,
                "plistFile": null,
                "resourceType": 0
              },
              "fontName": "fonts/Aleo-Regular.ttf",
              "fontSize": 14,
              "fontType": 0,
              "normal": null,
              "normalData": {
                "path": "btnOf.png",
                "plistFile": "Res1.plist",
                "resourceType": 1
              },
              "pressed": null,
              "pressedData": {
                "path": null,
                "plistFile": null,
                "resourceType": 0
              },
              "scale9Enable": false,
              "scale9Height": 43,
              "scale9Width": 117,
              "text": "Single Player",
              "textColorB": 255,
              "textColorG": 255,
              "textColorR": 255
            }
          },
          {
            "classname": "Button",
            "name": null,
            "children": [],
            "options": {
              "__type": "ButtonSurrogate:#EditorCommon.JsonModel.Component.GUI",
              "classname": "Button",
              "name": "OptionsBtn",
              "ZOrder": 0,
              "actiontag": 58585662,
              "anchorPointX": 0.5,
              "anchorPointY": 0.5,
              "classType": "CocoStudio.EngineAdapterWrap.CSButton",
              "colorB": 255,
              "colorG": 255,
              "colorR": 255,
              "customProperty": "",
              "flipX": false,
              "flipY": false,
              "height": 43,
              "ignoreSize": false,
              "layoutParameter": null,
              "opacity": 255,
              "positionPercentX": 0.49609375,
              "positionPercentY": 0.2982456,
              "positionType": 1,
              "rotation": 0,
              "scaleX": 1,
              "scaleY": 1,
              "sizePercentX": 0.228515625,
              "sizePercentY": 0.125730991,
              "sizeType": 1,
              "tag": 106,
              "touchAble": true,
              "useMergedTexture": false,
              "visible": true,
              "width": 117,
              "x": 254,
              "y": 102,
              "capInsetsHeight": 1,
              "capInsetsWidth": 1,
              "capInsetsX": 0,
              "capInsetsY": 0,
              "disabled": null,
              "disabledData": {
                "path": null,
                "plistFile": null,
                "resourceType": 0
              },
              "fontName": "fonts/Aleo-Regular.ttf",
              "fontSize": 14,
              "fontType": 0,
              "normal": null,
              "normalData": {
                "path": "btnOf.png",
                "plistFile": "Res1.plist",
                "resourceType": 1
              },
              "pressed": null,
              "pressedData": {
                "path": null,
                "plistFile": null,
                "resourceType": 0
              },
              "scale9Enable": false,
              "scale9Height": 43,
              "scale9Width": 117,
              "text": "Options",
              "textColorB": 255,
              "textColorG": 255,
              "textColorR": 255
            }
          },
          {
            "classname": "Button",
            "name": null,
            "children": [],
            "options": {
              "__type": "ButtonSurrogate:#EditorCommon.JsonModel.Component.GUI",
              "classname": "Button",
              "name": "MultiPlayerBtn",
              "ZOrder": 0,
              "actiontag": 45178316,
              "anchorPointX": 0.5,
              "anchorPointY": 0.5,
              "classType": "CocoStudio.EngineAdapterWrap.CSButton",
              "colorB": 255,
              "colorG": 255,
              "colorR": 255,
              "customProperty": "",
              "flipX": false,
              "flipY": false,
              "height": 43,
              "ignoreSize": false,
              "layoutParameter": null,
              "opacity": 255,
              "positionPercentX": 0.49609375,
              "positionPercentY": 0.5,
              "positionType": 1,
              "rotation": 0,
              "scaleX": 1,
              "scaleY": 1,
              "sizePercentX": 0.228515625,
              "sizePercentY": 0.125730991,
              "sizeType": 1,
              "tag": 105,
              "touchAble": true,
              "useMergedTexture": false,
              "visible": true,
              "width": 117,
              "x": 254,
              "y": 171,
              "capInsetsHeight": 1,
              "capInsetsWidth": 1,
              "capInsetsX": 0,
              "capInsetsY": 0,
              "disabled": null,
              "disabledData": {
                "path": null,
                "plistFile": null,
                "resourceType": 0
              },
              "fontName": "fonts/Aleo-Regular.ttf",
              "fontSize": 14,
              "fontType": 0,
              "normal": null,
              "normalData": {
                "path": "btnOf.png",
                "plistFile": "Res1.plist",
                "resourceType": 1
              },
              "pressed": null,
              "pressedData": {
                "path": null,
                "plistFile": null,
                "resourceType": 0
              },
              "scale9Enable": false,
              "scale9Height": 43,
              "scale9Width": 117,
              "text": "Multi Player",
              "textColorB": 255,
              "textColorG": 255,
              "textColorR": 255
            }
          }
        ],
        "options": {
          "__type": "PanelSurrogate:#EditorCommon.JsonModel.Component.GUI",
          "classname": "Panel",
          "name": "mainPanel",
          "ZOrder": 0,
          "actiontag": 33041825,
          "anchorPointX": 0,
          "anchorPointY": 0,
          "classType": "CocoStudio.EngineAdapterWrap.CSPanel",
          "colorB": 255,
          "colorG": 255,
          "colorR": 255,
          "customProperty": "",
          "flipX": false,
          "flipY": false,
          "height": 342,
          "ignoreSize": false,
          "layoutParameter": null,
          "opacity": 255,
          "positionPercentX": 0.001953125,
          "positionPercentY": 0,
          "positionType": 1,
          "rotation": 0,
          "scaleX": 1,
          "scaleY": 1,
          "sizePercentX": 1,
          "sizePercentY": 1,
          "sizeType": 1,
          "tag": 118,
          "touchAble": false,
          "useMergedTexture": false,
          "visible": false,
          "width": 512,
          "x": 1,
          "y": 0,
          "adaptScreen": false,
          "backGroundImage": null,
          "backGroundImageData": null,
          "backGroundScale9Enable": false,
          "bgColorB": 255,
          "bgColorG": 200,
          "bgColorOpacity": 0,
          "bgColorR": 150,
          "bgEndColorB": 255,
          "bgEndColorG": 200,
          "bgEndColorR": 150,
          "bgStartColorB": 255,
          "bgStartColorG": 255,
          "bgStartColorR": 255,
          "capInsetsHeight": 1,
          "capInsetsWidth": 1,
          "capInsetsX": 0,
          "capInsetsY": 0,
          "clipAble": false,
          "colorType": 0,
          "layoutType": 0,
          "vectorX": 0,
          "vectorY": -0.5
        }
      },
      {
        "classname": "Panel",
        "name": null,
        "children": [
          {
            "classname": "Button",
            "name": null,
            "children": [],
            "options": {
              "__type": "ButtonSurrogate:#EditorCommon.JsonModel.Component.GUI",
              "classname": "Button",
              "name": "Button_12",
              "ZOrder": 0,
              "actiontag": 23098897,
              "anchorPointX": 0.5,
              "anchorPointY": 0.5,
              "classType": "CocoStudio.EngineAdapterWrap.CSButton",
              "colorB": 255,
              "colorG": 255,
              "colorR": 255,
              "customProperty": "",
              "flipX": false,
              "flipY": false,
              "height": 40,
              "ignoreSize": false,
              "layoutParameter": null,
              "opacity": 255,
              "positionPercentX": 0.5,
              "positionPercentY": 0.6988304,
              "positionType": 1,
              "rotation": 0,
              "scaleX": 1,
              "scaleY": 1,
              "sizePercentX": 0.201171875,
              "sizePercentY": 0.116959065,
              "sizeType": 1,
              "tag": 123,
              "touchAble": true,
              "useMergedTexture": false,
              "visible": true,
              "width": 103,
              "x": 256,
              "y": 239,
              "capInsetsHeight": 1,
              "capInsetsWidth": 1,
              "capInsetsX": 0,
              "capInsetsY": 0,
              "disabled": null,
              "disabledData": {
                "path": null,
                "plistFile": null,
                "resourceType": 0
              },
              "fontName": "微软雅黑",
              "fontSize": 14,
              "fontType": 0,
              "normal": null,
              "normalData": {
                "path": "GUI/button.png",
                "plistFile": "",
                "resourceType": 0
              },
              "pressed": null,
              "pressedData": {
                "path": null,
                "plistFile": null,
                "resourceType": 0
              },
              "scale9Enable": false,
              "scale9Height": 40,
              "scale9Width": 103,
              "text": "",
              "textColorB": 255,
              "textColorG": 255,
              "textColorR": 255
            }
          },
          {
            "classname": "Panel",
            "name": null,
            "children": [
              {
                "classname": "PageView",
                "name": null,
                "children": [
                  {
                    "classname": "Panel",
                    "name": null,
                    "children": [
                      {
                        "classname": "ImageView",
                        "name": null,
                        "children": [],
                        "options": {
                          "__type": "ImageViewSurrogate:#EditorCommon.JsonModel.Component.GUI",
                          "classname": "ImageView",
                          "name": "Image_19",
                          "ZOrder": 0,
                          "actiontag": 54010400,
                          "anchorPointX": 0.5,
                          "anchorPointY": 0.5,
                          "classType": "CocoStudio.EngineAdapterWrap.CSImageView",
                          "colorB": 255,
                          "colorG": 255,
                          "colorR": 255,
                          "customProperty": "",
                          "flipX": false,
                          "flipY": false,
                          "height": 43,
                          "ignoreSize": false,
                          "layoutParameter": null,
                          "opacity": 255,
                          "positionPercentX": 0.5,
                          "positionPercentY": 0.5,
                          "positionType": 1,
                          "rotation": 0,
                          "scaleX": 1,
                          "scaleY": 1,
                          "sizePercentX": 0.6375,
                          "sizePercentY": 1.075,
                          "sizeType": 1,
                          "tag": 130,
                          "touchAble": false,
                          "useMergedTexture": false,
                          "visible": true,
                          "width": 51,
                          "x": 40,
                          "y": 20,
                          "capInsetsHeight": 1,
                          "capInsetsWidth": 1,
                          "capInsetsX": 0,
                          "capInsetsY": 0,
                          "fileName": null,
                          "fileNameData": {
                            "path": "Box_blue.png",
                            "plistFile": "Res1.plist",
                            "resourceType": 1
                          },
                          "scale9Enable": false,
                          "scale9Height": 43,
                          "scale9Width": 51
                        }
                      }
                    ],
                    "options": {
                      "__type": "PanelSurrogate:#EditorCommon.JsonModel.Component.GUI",
                      "classname": "Panel",
                      "name": "innerPageView",
                      "ZOrder": 0,
                      "actiontag": 12394242,
                      "anchorPointX": 0,
                      "anchorPointY": 0,
                      "classType": "CocoStudio.EngineAdapterWrap.CSPanel",
                      "colorB": 255,
                      "colorG": 255,
                      "colorR": 255,
                      "customProperty": "",
                      "flipX": false,
                      "flipY": false,
                      "height": 40,
                      "ignoreSize": false,
                      "layoutParameter": null,
                      "opacity": 255,
                      "positionPercentX": 0,
                      "positionPercentY": 0,
                      "positionType": 0,
                      "rotation": 0,
                      "scaleX": 1,
                      "scaleY": 1,
                      "sizePercentX": 1,
                      "sizePercentY": 1,
                      "sizeType": 0,
                      "tag": 129,
                      "touchAble": true,
                      "useMergedTexture": false,
                      "visible": true,
                      "width": 80,
                      "x": 0,
                      "y": 0,
                      "adaptScreen": false,
                      "backGroundImage": null,
                      "backGroundImageData": null,
                      "backGroundScale9Enable": false,
                      "bgColorB": 255,
                      "bgColorG": 200,
                      "bgColorOpacity": 100,
                      "bgColorR": 150,
                      "bgEndColorB": 255,
                      "bgEndColorG": 200,
                      "bgEndColorR": 150,
                      "bgStartColorB": 255,
                      "bgStartColorG": 255,
                      "bgStartColorR": 255,
                      "capInsetsHeight": 1,
                      "capInsetsWidth": 1,
                      "capInsetsX": 0,
                      "capInsetsY": 0,
                      "clipAble": false,
                      "colorType": 1,
                      "layoutType": 0,
                      "vectorX": 0,
                      "vectorY": -0.5
                    }
                  },
                  {
                    "classname": "Panel",
                    "name": null,
                    "children": [
                      {
                        "classname": "ImageView",
                        "name": null,
                        "children": [],
                        "options": {
                          "__type": "ImageViewSurrogate:#EditorCommon.JsonModel.Component.GUI",
                          "classname": "ImageView",
                          "name": "Image_23",
                          "ZOrder": 0,
                          "actiontag": 6209412,
                          "anchorPointX": 0.5,
                          "anchorPointY": 0.5,
                          "classType": "CocoStudio.EngineAdapterWrap.CSImageView",
                          "colorB": 255,
                          "colorG": 255,
                          "colorR": 255,
                          "customProperty": "",
                          "flipX": false,
                          "flipY": false,
                          "height": 42,
                          "ignoreSize": false,
                          "layoutParameter": null,
                          "opacity": 255,
                          "positionPercentX": 0.5,
                          "positionPercentY": 0.5,
                          "positionType": 1,
                          "rotation": 0,
                          "scaleX": 1,
                          "scaleY": 1,
                          "sizePercentX": 0.5875,
                          "sizePercentY": 1.05,
                          "sizeType": 0,
                          "tag": 134,
                          "touchAble": false,
                          "useMergedTexture": false,
                          "visible": true,
                          "width": 47,
                          "x": 40,
                          "y": 20,
                          "capInsetsHeight": 1,
                          "capInsetsWidth": 1,
                          "capInsetsX": 0,
                          "capInsetsY": 0,
                          "fileName": null,
                          "fileNameData": {
                            "path": "Box_green.png",
                            "plistFile": "Res1.plist",
                            "resourceType": 1
                          },
                          "scale9Enable": false,
                          "scale9Height": 42,
                          "scale9Width": 47
                        }
                      }
                    ],
                    "options": {
                      "__type": "PanelSurrogate:#EditorCommon.JsonModel.Component.GUI",
                      "classname": "Panel",
                      "name": "Panel_22",
                      "ZOrder": 0,
                      "actiontag": 39087450,
                      "anchorPointX": 0,
                      "anchorPointY": 0,
                      "classType": "CocoStudio.EngineAdapterWrap.CSPanel",
                      "colorB": 255,
                      "colorG": 255,
                      "colorR": 255,
                      "customProperty": "",
                      "flipX": false,
                      "flipY": false,
                      "height": 40,
                      "ignoreSize": false,
                      "layoutParameter": null,
                      "opacity": 255,
                      "positionPercentX": 1,
                      "positionPercentY": 0,
                      "positionType": 0,
                      "rotation": 0,
                      "scaleX": 1,
                      "scaleY": 1,
                      "sizePercentX": 1,
                      "sizePercentY": 1,
                      "sizeType": 0,
                      "tag": 133,
                      "touchAble": true,
                      "useMergedTexture": false,
                      "visible": true,
                      "width": 80,
                      "x": 80,
                      "y": 0,
                      "adaptScreen": false,
                      "backGroundImage": null,
                      "backGroundImageData": null,
                      "backGroundScale9Enable": false,
                      "bgColorB": 255,
                      "bgColorG": 200,
                      "bgColorOpacity": 100,
                      "bgColorR": 150,
                      "bgEndColorB": 255,
                      "bgEndColorG": 200,
                      "bgEndColorR": 150,
                      "bgStartColorB": 255,
                      "bgStartColorG": 255,
                      "bgStartColorR": 255,
                      "capInsetsHeight": 1,
                      "capInsetsWidth": 1,
                      "capInsetsX": 0,
                      "capInsetsY": 0,
                      "clipAble": false,
                      "colorType": 1,
                      "layoutType": 0,
                      "vectorX": 0,
                      "vectorY": -0.5
                    }
                  }
                ],
                "options": {
                  "__type": "PageViewSurrogate:#EditorCommon.JsonModel.Component.GUI",
                  "classname": "PageView",
                  "name": "SinglePlayerBoxesChoosePageView",
                  "ZOrder": 0,
                  "actiontag": 64806478,
                  "anchorPointX": 0,
                  "anchorPointY": 0,
                  "classType": "CocoStudio.EngineAdapterWrap.CSPageView",
                  "colorB": 255,
                  "colorG": 255,
                  "colorR": 255,
                  "customProperty": "",
                  "flipX": false,
                  "flipY": false,
                  "height": 40,
                  "ignoreSize": false,
                  "layoutParameter": null,
                  "opacity": 255,
                  "positionPercentX": 0.421875,
                  "positionPercentY": 0.751462,
                  "positionType": 1,
                  "rotation": 0,
                  "scaleX": 1,
                  "scaleY": 1,
                  "sizePercentX": 0.15625,
                  "sizePercentY": 0.116959065,
                  "sizeType": 1,
                  "tag": 127,
                  "touchAble": true,
                  "useMergedTexture": false,
                  "visible": true,
                  "width": 80,
                  "x": 216,
                  "y": 257,
                  "backGroundImage": null,
                  "backGroundImageData": null,
                  "backGroundScale9Enable": false,
                  "bgColorB": 100,
                  "bgColorG": 150,
                  "bgColorOpacity": 100,
                  "bgColorR": 150,
                  "bgEndColorB": 100,
                  "bgEndColorG": 150,
                  "bgEndColorR": 255,
                  "bgStartColorB": 255,
                  "bgStartColorG": 255,
                  "bgStartColorR": 255,
                  "capInsetsHeight": 1,
                  "capInsetsWidth": 1,
                  "capInsetsX": 0,
                  "capInsetsY": 0,
                  "clipAble": false,
                  "colorType": 1,
                  "editorClipAble": false,
                  "vectorX": 0,
                  "vectorY": -0.5
                }
              },
              {
                "classname": "TextField",
                "name": null,
                "children": [],
                "options": {
                  "__type": "TextFieldSurrogate:#EditorCommon.JsonModel.Component.GUI",
                  "classname": "TextField",
                  "name": "PlayerTextField1",
                  "ZOrder": 0,
                  "actiontag": 51532862,
                  "anchorPointX": 0.5,
                  "anchorPointY": 0.5,
                  "classType": "CocoStudio.EngineAdapterWrap.CSTextField",
                  "colorB": 255,
                  "colorG": 255,
                  "colorR": 255,
                  "customProperty": "",
                  "flipX": false,
                  "flipY": false,
                  "height": 23,
                  "ignoreSize": true,
                  "layoutParameter": null,
                  "opacity": 255,
                  "positionPercentX": 0.5,
                  "positionPercentY": 0.9035088,
                  "positionType": 0,
                  "rotation": 0,
                  "scaleX": 1,
                  "scaleY": 1,
                  "sizePercentX": 0.208984375,
                  "sizePercentY": 0.06725146,
                  "sizeType": 0,
                  "tag": 131,
                  "touchAble": true,
                  "useMergedTexture": false,
                  "visible": true,
                  "width": 107,
                  "x": 256,
                  "y": 309,
                  "areaHeight": 0,
                  "areaWidth": 0,
                  "fontFile": null,
                  "fontName": "微软雅黑",
                  "fontSize": 20,
                  "maxLength": 10,
                  "maxLengthEnable": false,
                  "passwordEnable": false,
                  "passwordStyleText": "*",
                  "placeHolder": "input words here",
                  "text": "PlayerName"
                }
              }
            ],
            "options": {
              "__type": "PanelSurrogate:#EditorCommon.JsonModel.Component.GUI",
              "classname": "Panel",
              "name": "Panel_21",
              "ZOrder": 0,
              "actiontag": 16360508,
              "anchorPointX": 0,
              "anchorPointY": 0,
              "classType": "CocoStudio.EngineAdapterWrap.CSPanel",
              "colorB": 255,
              "colorG": 255,
              "colorR": 255,
              "customProperty": "",
              "flipX": false,
              "flipY": false,
              "height": 342,
              "ignoreSize": false,
              "layoutParameter": null,
              "opacity": 255,
              "positionPercentX": 0,
              "positionPercentY": 0,
              "positionType": 1,
              "rotation": 0,
              "scaleX": 1,
              "scaleY": 1,
              "sizePercentX": 1,
              "sizePercentY": 1,
              "sizeType": 1,
              "tag": 132,
              "touchAble": false,
              "useMergedTexture": false,
              "visible": true,
              "width": 512,
              "x": 0,
              "y": 0,
              "adaptScreen": false,
              "backGroundImage": null,
              "backGroundImageData": null,
              "backGroundScale9Enable": false,
              "bgColorB": 255,
              "bgColorG": 200,
              "bgColorOpacity": 100,
              "bgColorR": 150,
              "bgEndColorB": 255,
              "bgEndColorG": 200,
              "bgEndColorR": 150,
              "bgStartColorB": 255,
              "bgStartColorG": 255,
              "bgStartColorR": 255,
              "capInsetsHeight": 1,
              "capInsetsWidth": 1,
              "capInsetsX": 0,
              "capInsetsY": 0,
              "clipAble": false,
              "colorType": 1,
              "layoutType": 0,
              "vectorX": 0,
              "vectorY": -0.5
            }
          }
        ],
        "options": {
          "__type": "PanelSurrogate:#EditorCommon.JsonModel.Component.GUI",
          "classname": "Panel",
          "name": "SinglePlayerCustomPanel",
          "ZOrder": 0,
          "actiontag": 5487827,
          "anchorPointX": 0,
          "anchorPointY": 0,
          "classType": "CocoStudio.EngineAdapterWrap.CSPanel",
          "colorB": 255,
          "colorG": 255,
          "colorR": 255,
          "customProperty": "",
          "flipX": false,
          "flipY": false,
          "height": 342,
          "ignoreSize": false,
          "layoutParameter": null,
          "opacity": 255,
          "positionPercentX": 0,
          "positionPercentY": 0,
          "positionType": 1,
          "rotation": 0,
          "scaleX": 1,
          "scaleY": 1,
          "sizePercentX": 1,
          "sizePercentY": 1,
          "sizeType": 1,
          "tag": 122,
          "touchAble": false,
          "useMergedTexture": false,
          "visible": true,
          "width": 512,
          "x": 0,
          "y": 0,
          "adaptScreen": false,
          "backGroundImage": null,
          "backGroundImageData": null,
          "backGroundScale9Enable": false,
          "bgColorB": 255,
          "bgColorG": 200,
          "bgColorOpacity": 100,
          "bgColorR": 150,
          "bgEndColorB": 255,
          "bgEndColorG": 200,
          "bgEndColorR": 150,
          "bgStartColorB": 255,
          "bgStartColorG": 255,
          "bgStartColorR": 255,
          "capInsetsHeight": 1,
          "capInsetsWidth": 1,
          "capInsetsX": 0,
          "capInsetsY": 0,
          "clipAble": false,
          "colorType": 0,
          "layoutType": 0,
          "vectorX": 0,
          "vectorY": -0.5
        }
      }
    ],
    "options": {
      "__type": "PanelSurrogate:#EditorCommon.JsonModel.Component.GUI",
      "classname": "Panel",
      "name": "Panel_14",
      "ZOrder": 0,
      "actiontag": -1,
      "anchorPointX": 0,
      "anchorPointY": 0,
      "classType": "CocoStudio.EngineAdapterWrap.CSPanel",
      "colorB": 255,
      "colorG": 255,
      "colorR": 255,
      "customProperty": "",
      "flipX": false,
      "flipY": false,
      "height": 342,
      "ignoreSize": false,
      "layoutParameter": null,
      "opacity": 255,
      "positionPercentX": 0,
      "positionPercentY": 0,
      "positionType": 0,
      "rotation": 0,
      "scaleX": 1,
      "scaleY": 1,
      "sizePercentX": 1,
      "sizePercentY": 1,
      "sizeType": 0,
      "tag": 3,
      "touchAble": true,
      "useMergedTexture": false,
      "visible": true,
      "width": 512,
      "x": 0,
      "y": 0,
      "adaptScreen": true,
      "backGroundImage": null,
      "backGroundImageData": null,
      "backGroundScale9Enable": false,
      "bgColorB": 255,
      "bgColorG": 200,
      "bgColorOpacity": 0,
      "bgColorR": 150,
      "bgEndColorB": 255,
      "bgEndColorG": 200,
      "bgEndColorR": 150,
      "bgStartColorB": 255,
      "bgStartColorG": 255,
      "bgStartColorR": 255,
      "capInsetsHeight": 1,
      "capInsetsWidth": 1,
      "capInsetsX": 0,
      "capInsetsY": 0,
      "clipAble": false,
      "colorType": 1,
      "layoutType": 0,
      "vectorX": 0,
      "vectorY": -0.5
    }
  }
}