{
  "classname": null,
  "name": null,
  "animation": {
    "classname": null,
    "name": "AnimationManager",
    "actionlist": [
      {
        "classname": null,
        "name": "animOut",
        "actionnodelist": [
          {
            "classname": null,
            "name": "Image_1_0",
            "ActionTag": 36919491,
            "actionframelist": [
              {
                "classname": null,
                "name": null,
                "colorb": 255,
                "colorg": 255,
                "colorr": 255,
                "frameid": 0,
                "opacity": 255,
                "positionx": 255,
                "positiony": 171,
                "rotation": 0,
                "scalex": 1,
                "scaley": 1,
                "starttime": 0,
                "tweenParameter": [
                  0,
                  0,
                  1,
                  1
                ],
                "tweenType": 0,
                "visible": false
              },
              {
                "classname": null,
                "name": null,
                "colorb": 255,
                "colorg": 255,
                "colorr": 255,
                "frameid": 3,
                "opacity": 255,
                "positionx": 256,
                "positiony": -105.000114,
                "rotation": 0,
                "scalex": 1,
                "scaley": 1,
                "starttime": 0,
                "tweenParameter": [
                  0,
                  0,
                  1,
                  1
                ],
                "tweenType": 25,
                "visible": false
              }
            ]
          }
        ],
        "loop": false,
        "unittime": 0.1
      },
      {
        "classname": null,
        "name": "animIn",
        "actionnodelist": [
          {
            "classname": null,
            "name": "Image_1_0",
            "ActionTag": 36919491,
            "actionframelist": [
              {
                "classname": null,
                "name": null,
                "colorb": 255,
                "colorg": 255,
                "colorr": 255,
                "frameid": 0,
                "opacity": 255,
                "positionx": 257.25,
                "positiony": -96.50014,
                "rotation": 0,
                "scalex": 1,
                "scaley": 1,
                "starttime": 0,
                "tweenParameter": [
                  0,
                  0,
                  1,
                  1
                ],
                "tweenType": 0,
                "visible": false
              },
              {
                "classname": null,
                "name": null,
                "colorb": 255,
                "colorg": 255,
                "colorr": 255,
                "frameid": 4,
                "opacity": 255,
                "positionx": 255.999985,
                "positiony": 171.000015,
                "rotation": 0,
                "scalex": 1,
                "scaley": 1,
                "starttime": 0,
                "tweenParameter": [
                  0,
                  0,
                  1,
                  1
                ],
                "tweenType": 26,
                "visible": false
              }
            ]
          }
        ],
        "loop": false,
        "unittime": 0.1
      }
    ]
  },
  "dataScale": 1,
  "designHeight": 342,
  "designWidth": 512,
  "textures": [
    "Res1.plist"
  ],
  "texturesPng": [
    "Res1.plist"
  ],
  "version": "1.6.0.0",
  "widgetTree": {
    "classname": "Panel",
    "name": null,
    "children": [
      {
        "classname": "ImageView",
        "name": null,
        "children": [
          {
            "classname": "Label",
            "name": null,
            "children": [],
            "options": {
              "__type": "LabelSurrogate:#EditorCommon.JsonModel.Component.GUI",
              "classname": "Label",
              "name": "label1",
              "ZOrder": 0,
              "actiontag": 55957807,
              "anchorPointX": 0.5,
              "anchorPointY": 0.5,
              "classType": "CocoStudio.EngineAdapterWrap.CSLabel",
              "colorB": 255,
              "colorG": 255,
              "colorR": 255,
              "customProperty": "",
              "flipX": false,
              "flipY": false,
              "height": 102.600006,
              "ignoreSize": false,
              "layoutParameter": null,
              "opacity": 255,
              "positionPercentX": -0.00186010136,
              "positionPercentY": 0.105263166,
              "positionType": 1,
              "rotation": 0,
              "scaleX": 1,
              "scaleY": 1,
              "sizePercentX": 0.9,
              "sizePercentY": 0.6,
              "sizeType": 1,
              "tag": 304,
              "touchAble": false,
              "useMergedTexture": false,
              "visible": true,
              "width": 322.56,
              "x": 0,
              "y": 18,
              "areaHeight": 102.600006,
              "areaWidth": 322.56,
              "fontFile": null,
              "fontName": "fonts/Aleo-BoldItalic.ttf",
              "fontSize": 25,
              "hAlignment": 1,
              "text": "pwrUpCollectedTutIntro",
              "touchScaleEnable": false,
              "vAlignment": 1
            }
          },
          {
            "classname": "Button",
            "name": null,
            "children": [],
            "options": {
              "__type": "ButtonSurrogate:#EditorCommon.JsonModel.Component.GUI",
              "classname": "Button",
              "name": "continueBtn",
              "ZOrder": 0,
              "actiontag": 15176271,
              "anchorPointX": 0.5,
              "anchorPointY": 0.5,
              "classType": "CocoStudio.EngineAdapterWrap.CSButton",
              "colorB": 255,
              "colorG": 255,
              "colorR": 255,
              "customProperty": "",
              "flipX": false,
              "flipY": false,
              "height": 43,
              "ignoreSize": false,
              "layoutParameter": null,
              "opacity": 255,
              "positionPercentX": 2.86416437E-08,
              "positionPercentY": -0.345029145,
              "positionType": 1,
              "rotation": 0,
              "scaleX": 1,
              "scaleY": 1,
              "sizePercentX": 0.438058048,
              "sizePercentY": 0.251461983,
              "sizeType": 0,
              "tag": 305,
              "touchAble": true,
              "useMergedTexture": false,
              "visible": true,
              "width": 157,
              "x": 0,
              "y": -58,
              "capInsetsHeight": 1,
              "capInsetsWidth": 1,
              "capInsetsX": 0,
              "capInsetsY": 0,
              "disabled": null,
              "disabledData": {
                "path": null,
                "plistFile": null,
                "resourceType": 0
              },
              "fontName": "fonts/Aleo-BoldItalic.ttf",
              "fontSize": 20,
              "fontType": 0,
              "normal": null,
              "normalData": {
                "path": "btnOf.png",
                "plistFile": "Res1.plist",
                "resourceType": 1
              },
              "pressed": null,
              "pressedData": {
                "path": null,
                "plistFile": null,
                "resourceType": 0
              },
              "scale9Enable": false,
              "scale9Height": 43,
              "scale9Width": 157,
              "text": "Continue",
              "textColorB": 255,
              "textColorG": 255,
              "textColorR": 255
            }
          },
          {
            "classname": "ImageView",
            "name": null,
            "children": [
              {
                "classname": "ImageView",
                "name": null,
                "children": [],
                "options": {
                  "__type": "ImageViewSurrogate:#EditorCommon.JsonModel.Component.GUI",
                  "classname": "ImageView",
                  "name": "gfsdgfsdg",
                  "ZOrder": 0,
                  "actiontag": 61807313,
                  "anchorPointX": 0.5,
                  "anchorPointY": 0.5,
                  "classType": "CocoStudio.EngineAdapterWrap.CSImageView",
                  "colorB": 255,
                  "colorG": 255,
                  "colorR": 255,
                  "customProperty": "",
                  "flipX": false,
                  "flipY": false,
                  "height": 83,
                  "ignoreSize": false,
                  "layoutParameter": null,
                  "opacity": 255,
                  "positionPercentX": -0.3458116,
                  "positionPercentY": 0.145607874,
                  "positionType": 1,
                  "rotation": 0,
                  "scaleX": 1,
                  "scaleY": 1,
                  "sizePercentX": 0.206473216,
                  "sizePercentY": 0.4853801,
                  "sizeType": 1,
                  "tag": 721,
                  "touchAble": false,
                  "useMergedTexture": false,
                  "visible": true,
                  "width": 74,
                  "x": -123,
                  "y": 24,
                  "capInsetsHeight": 1,
                  "capInsetsWidth": 1,
                  "capInsetsX": 0,
                  "capInsetsY": 0,
                  "fileName": null,
                  "fileNameData": {
                    "path": "slowDownPowerUp.png",
                    "plistFile": "Res1.plist",
                    "resourceType": 1
                  },
                  "scale9Enable": false,
                  "scale9Height": 83,
                  "scale9Width": 74
                }
              },
              {
                "classname": "Label",
                "name": null,
                "children": [],
                "options": {
                  "__type": "LabelSurrogate:#EditorCommon.JsonModel.Component.GUI",
                  "classname": "Label",
                  "name": "gsfgdsgs",
                  "ZOrder": 0,
                  "actiontag": 58345960,
                  "anchorPointX": 0.5,
                  "anchorPointY": 0.5,
                  "classType": "CocoStudio.EngineAdapterWrap.CSLabel",
                  "colorB": 255,
                  "colorG": 255,
                  "colorR": 255,
                  "customProperty": "",
                  "flipX": false,
                  "flipY": false,
                  "height": 119.7,
                  "ignoreSize": false,
                  "layoutParameter": null,
                  "opacity": 255,
                  "positionPercentX": 0.128208637,
                  "positionPercentY": 0.140270323,
                  "positionType": 1,
                  "rotation": 0,
                  "scaleX": 1,
                  "scaleY": 1,
                  "sizePercentX": 0.7,
                  "sizePercentY": 0.7,
                  "sizeType": 1,
                  "tag": 724,
                  "touchAble": false,
                  "useMergedTexture": false,
                  "visible": true,
                  "width": 250.87999,
                  "x": 45,
                  "y": 23,
                  "areaHeight": 119.7,
                  "areaWidth": 250.87999,
                  "fontFile": null,
                  "fontName": "fonts/Aleo-BoldItalic.ttf",
                  "fontSize": 20,
                  "hAlignment": 1,
                  "text": "rocketTut",
                  "touchScaleEnable": false,
                  "vAlignment": 1
                }
              }
            ],
            "options": {
              "__type": "ImageViewSurrogate:#EditorCommon.JsonModel.Component.GUI",
              "classname": "ImageView",
              "name": "pan2",
              "ZOrder": 0,
              "actiontag": 16983879,
              "anchorPointX": 0.5,
              "anchorPointY": 0.5,
              "classType": "CocoStudio.EngineAdapterWrap.CSImageView",
              "colorB": 255,
              "colorG": 255,
              "colorR": 255,
              "customProperty": "",
              "flipX": false,
              "flipY": false,
              "height": 171,
              "ignoreSize": false,
              "layoutParameter": null,
              "opacity": 255,
              "positionPercentX": 0,
              "positionPercentY": 0,
              "positionType": 1,
              "rotation": 0,
              "scaleX": 1,
              "scaleY": 1,
              "sizePercentX": 1,
              "sizePercentY": 1,
              "sizeType": 1,
              "tag": 755,
              "touchAble": false,
              "useMergedTexture": false,
              "visible": true,
              "width": 358.4,
              "x": 0,
              "y": 0,
              "capInsetsHeight": 1,
              "capInsetsWidth": 1,
              "capInsetsX": 0,
              "capInsetsY": 0,
              "fileName": null,
              "fileNameData": {
                "path": "nic.png",
                "plistFile": "Res1.plist",
                "resourceType": 1
              },
              "scale9Enable": false,
              "scale9Height": 171,
              "scale9Width": 358.4
            }
          },
          {
            "classname": "ImageView",
            "name": null,
            "children": [
              {
                "classname": "ImageView",
                "name": null,
                "children": [],
                "options": {
                  "__type": "ImageViewSurrogate:#EditorCommon.JsonModel.Component.GUI",
                  "classname": "ImageView",
                  "name": "gfsdgfsdg",
                  "ZOrder": 0,
                  "actiontag": 55485598,
                  "anchorPointX": 0.5,
                  "anchorPointY": 0.5,
                  "classType": "CocoStudio.EngineAdapterWrap.CSImageView",
                  "colorB": 255,
                  "colorG": 255,
                  "colorR": 255,
                  "customProperty": "",
                  "flipX": false,
                  "flipY": false,
                  "height": 83,
                  "ignoreSize": false,
                  "layoutParameter": null,
                  "opacity": 255,
                  "positionPercentX": -0.348601729,
                  "positionPercentY": 0.1449572,
                  "positionType": 1,
                  "rotation": 0,
                  "scaleX": 1,
                  "scaleY": 1,
                  "sizePercentX": 0.206473216,
                  "sizePercentY": 0.4853801,
                  "sizeType": 1,
                  "tag": 729,
                  "touchAble": false,
                  "useMergedTexture": false,
                  "visible": true,
                  "width": 74,
                  "x": -124,
                  "y": 24,
                  "capInsetsHeight": 1,
                  "capInsetsWidth": 1,
                  "capInsetsX": 0,
                  "capInsetsY": 0,
                  "fileName": null,
                  "fileNameData": {
                    "path": "ghostPowerUp.png",
                    "plistFile": "Res1.plist",
                    "resourceType": 1
                  },
                  "scale9Enable": false,
                  "scale9Height": 83,
                  "scale9Width": 74
                }
              },
              {
                "classname": "Label",
                "name": null,
                "children": [],
                "options": {
                  "__type": "LabelSurrogate:#EditorCommon.JsonModel.Component.GUI",
                  "classname": "Label",
                  "name": "gsfgdsgs",
                  "ZOrder": 0,
                  "actiontag": 49465487,
                  "anchorPointX": 0.5,
                  "anchorPointY": 0.5,
                  "classType": "CocoStudio.EngineAdapterWrap.CSLabel",
                  "colorB": 255,
                  "colorG": 255,
                  "colorR": 255,
                  "customProperty": "",
                  "flipX": false,
                  "flipY": false,
                  "height": 119.7,
                  "ignoreSize": false,
                  "layoutParameter": null,
                  "opacity": 255,
                  "positionPercentX": 0.130766332,
                  "positionPercentY": 0.137427166,
                  "positionType": 1,
                  "rotation": 0,
                  "scaleX": 1,
                  "scaleY": 1,
                  "sizePercentX": 0.7,
                  "sizePercentY": 0.7,
                  "sizeType": 1,
                  "tag": 730,
                  "touchAble": false,
                  "useMergedTexture": false,
                  "visible": true,
                  "width": 250.87999,
                  "x": 46,
                  "y": 23,
                  "areaHeight": 119.7,
                  "areaWidth": 250.87999,
                  "fontFile": null,
                  "fontName": "fonts/Aleo-BoldItalic.ttf",
                  "fontSize": 20,
                  "hAlignment": 1,
                  "text": "ghostTut",
                  "touchScaleEnable": false,
                  "vAlignment": 1
                }
              }
            ],
            "options": {
              "__type": "ImageViewSurrogate:#EditorCommon.JsonModel.Component.GUI",
              "classname": "ImageView",
              "name": "pan3",
              "ZOrder": 0,
              "actiontag": 7655465,
              "anchorPointX": 0.5,
              "anchorPointY": 0.5,
              "classType": "CocoStudio.EngineAdapterWrap.CSImageView",
              "colorB": 255,
              "colorG": 255,
              "colorR": 255,
              "customProperty": "",
              "flipX": false,
              "flipY": false,
              "height": 171,
              "ignoreSize": false,
              "layoutParameter": null,
              "opacity": 255,
              "positionPercentX": -1.851708E-08,
              "positionPercentY": 1.19106787E-07,
              "positionType": 1,
              "rotation": 0,
              "scaleX": 1,
              "scaleY": 1,
              "sizePercentX": 1,
              "sizePercentY": 1,
              "sizeType": 1,
              "tag": 759,
              "touchAble": false,
              "useMergedTexture": false,
              "visible": true,
              "width": 358.4,
              "x": 0,
              "y": 0,
              "capInsetsHeight": 1,
              "capInsetsWidth": 1,
              "capInsetsX": 0,
              "capInsetsY": 0,
              "fileName": null,
              "fileNameData": {
                "path": "nic.png",
                "plistFile": "Res1.plist",
                "resourceType": 1
              },
              "scale9Enable": false,
              "scale9Height": 171,
              "scale9Width": 358.4
            }
          },
          {
            "classname": "ImageView",
            "name": null,
            "children": [
              {
                "classname": "ImageView",
                "name": null,
                "children": [],
                "options": {
                  "__type": "ImageViewSurrogate:#EditorCommon.JsonModel.Component.GUI",
                  "classname": "ImageView",
                  "name": "gfsdgfsdg",
                  "ZOrder": 0,
                  "actiontag": 64778949,
                  "anchorPointX": 0.5,
                  "anchorPointY": 0.5,
                  "classType": "CocoStudio.EngineAdapterWrap.CSImageView",
                  "colorB": 255,
                  "colorG": 255,
                  "colorR": 255,
                  "customProperty": "",
                  "flipX": false,
                  "flipY": false,
                  "height": 83,
                  "ignoreSize": false,
                  "layoutParameter": null,
                  "opacity": 255,
                  "positionPercentX": -0.347671628,
                  "positionPercentY": 0.1449572,
                  "positionType": 1,
                  "rotation": 0,
                  "scaleX": 1,
                  "scaleY": 1,
                  "sizePercentX": 0.206473216,
                  "sizePercentY": 0.4853801,
                  "sizeType": 1,
                  "tag": 732,
                  "touchAble": false,
                  "useMergedTexture": false,
                  "visible": true,
                  "width": 74,
                  "x": -124,
                  "y": 24,
                  "capInsetsHeight": 1,
                  "capInsetsWidth": 1,
                  "capInsetsX": 0,
                  "capInsetsY": 0,
                  "fileName": null,
                  "fileNameData": {
                    "path": "speedPowerUp.png",
                    "plistFile": "Res1.plist",
                    "resourceType": 1
                  },
                  "scale9Enable": false,
                  "scale9Height": 83,
                  "scale9Width": 74
                }
              },
              {
                "classname": "Label",
                "name": null,
                "children": [],
                "options": {
                  "__type": "LabelSurrogate:#EditorCommon.JsonModel.Component.GUI",
                  "classname": "Label",
                  "name": "gsfgdsgs",
                  "ZOrder": 0,
                  "actiontag": 46139630,
                  "anchorPointX": 0.5,
                  "anchorPointY": 0.5,
                  "classType": "CocoStudio.EngineAdapterWrap.CSLabel",
                  "colorB": 255,
                  "colorG": 255,
                  "colorR": 255,
                  "customProperty": "",
                  "flipX": false,
                  "flipY": false,
                  "height": 119.7,
                  "ignoreSize": false,
                  "layoutParameter": null,
                  "opacity": 255,
                  "positionPercentX": 0.130766436,
                  "positionPercentY": 0.143275127,
                  "positionType": 1,
                  "rotation": 0,
                  "scaleX": 1,
                  "scaleY": 1,
                  "sizePercentX": 0.7,
                  "sizePercentY": 0.7,
                  "sizeType": 1,
                  "tag": 733,
                  "touchAble": false,
                  "useMergedTexture": false,
                  "visible": true,
                  "width": 250.87999,
                  "x": 46,
                  "y": 24,
                  "areaHeight": 119.7,
                  "areaWidth": 250.87999,
                  "fontFile": null,
                  "fontName": "fonts/Aleo-BoldItalic.ttf",
                  "fontSize": 20,
                  "hAlignment": 1,
                  "text": "thrustTut",
                  "touchScaleEnable": false,
                  "vAlignment": 1
                }
              }
            ],
            "options": {
              "__type": "ImageViewSurrogate:#EditorCommon.JsonModel.Component.GUI",
              "classname": "ImageView",
              "name": "pan4",
              "ZOrder": 0,
              "actiontag": 58046239,
              "anchorPointX": 0.5,
              "anchorPointY": 0.5,
              "classType": "CocoStudio.EngineAdapterWrap.CSImageView",
              "colorB": 255,
              "colorG": 255,
              "colorR": 255,
              "customProperty": "",
              "flipX": false,
              "flipY": false,
              "height": 171,
              "ignoreSize": false,
              "layoutParameter": null,
              "opacity": 255,
              "positionPercentX": -1.851708E-08,
              "positionPercentY": 1.19106787E-07,
              "positionType": 1,
              "rotation": 0,
              "scaleX": 1,
              "scaleY": 1,
              "sizePercentX": 1,
              "sizePercentY": 1,
              "sizeType": 1,
              "tag": 765,
              "touchAble": false,
              "useMergedTexture": false,
              "visible": true,
              "width": 358.4,
              "x": 0,
              "y": 0,
              "capInsetsHeight": 1,
              "capInsetsWidth": 1,
              "capInsetsX": 0,
              "capInsetsY": 0,
              "fileName": null,
              "fileNameData": {
                "path": "nic.png",
                "plistFile": "Res1.plist",
                "resourceType": 1
              },
              "scale9Enable": false,
              "scale9Height": 171,
              "scale9Width": 358.4
            }
          },
          {
            "classname": "ImageView",
            "name": null,
            "children": [
              {
                "classname": "ImageView",
                "name": null,
                "children": [],
                "options": {
                  "__type": "ImageViewSurrogate:#EditorCommon.JsonModel.Component.GUI",
                  "classname": "ImageView",
                  "name": "gfsdgfsdg",
                  "ZOrder": 0,
                  "actiontag": 58232299,
                  "anchorPointX": 0.5,
                  "anchorPointY": 0.5,
                  "classType": "CocoStudio.EngineAdapterWrap.CSImageView",
                  "colorB": 255,
                  "colorG": 255,
                  "colorR": 255,
                  "customProperty": "",
                  "flipX": false,
                  "flipY": false,
                  "height": 42,
                  "ignoreSize": false,
                  "layoutParameter": null,
                  "opacity": 255,
                  "positionPercentX": 0.0264658686,
                  "positionPercentY": -0.07256892,
                  "positionType": 1,
                  "rotation": 0,
                  "scaleX": 1,
                  "scaleY": 1,
                  "sizePercentX": 0.103236608,
                  "sizePercentY": 0.245614037,
                  "sizeType": 1,
                  "tag": 738,
                  "touchAble": false,
                  "useMergedTexture": false,
                  "visible": true,
                  "width": 37,
                  "x": 9,
                  "y": -12,
                  "capInsetsHeight": 1,
                  "capInsetsWidth": 1,
                  "capInsetsX": 0,
                  "capInsetsY": 0,
                  "fileName": null,
                  "fileNameData": {
                    "path": "ghostPowerUp.png",
                    "plistFile": "Res1.plist",
                    "resourceType": 1
                  },
                  "scale9Enable": false,
                  "scale9Height": 42,
                  "scale9Width": 37
                }
              },
              {
                "classname": "Label",
                "name": null,
                "children": [],
                "options": {
                  "__type": "LabelSurrogate:#EditorCommon.JsonModel.Component.GUI",
                  "classname": "Label",
                  "name": "gsfgdsgs",
                  "ZOrder": 0,
                  "actiontag": 54328648,
                  "anchorPointX": 0.5,
                  "anchorPointY": 0.5,
                  "classType": "CocoStudio.EngineAdapterWrap.CSLabel",
                  "colorB": 255,
                  "colorG": 255,
                  "colorR": 255,
                  "customProperty": "",
                  "flipX": false,
                  "flipY": false,
                  "height": 102.600006,
                  "ignoreSize": false,
                  "layoutParameter": null,
                  "opacity": 255,
                  "positionPercentX": 0.0215467811,
                  "positionPercentY": 0.168223917,
                  "positionType": 1,
                  "rotation": 0,
                  "scaleX": 1,
                  "scaleY": 1,
                  "sizePercentX": 0.7,
                  "sizePercentY": 0.6,
                  "sizeType": 1,
                  "tag": 739,
                  "touchAble": false,
                  "useMergedTexture": false,
                  "visible": true,
                  "width": 250.87999,
                  "x": 7,
                  "y": 28,
                  "areaHeight": 102.600006,
                  "areaWidth": 250.87999,
                  "fontFile": null,
                  "fontName": "fonts/Aleo-BoldItalic.ttf",
                  "fontSize": 20,
                  "hAlignment": 1,
                  "text": "howToActivatePwrupTut",
                  "touchScaleEnable": false,
                  "vAlignment": 0
                }
              },
              {
                "classname": "ImageView",
                "name": null,
                "children": [],
                "options": {
                  "__type": "ImageViewSurrogate:#EditorCommon.JsonModel.Component.GUI",
                  "classname": "ImageView",
                  "name": "gfsdgfsdg_1",
                  "ZOrder": 0,
                  "actiontag": 53032710,
                  "anchorPointX": 0.5,
                  "anchorPointY": 0.5,
                  "classType": "CocoStudio.EngineAdapterWrap.CSImageView",
                  "colorB": 255,
                  "colorG": 255,
                  "colorR": 255,
                  "customProperty": "",
                  "flipX": false,
                  "flipY": false,
                  "height": 42,
                  "ignoreSize": false,
                  "layoutParameter": null,
                  "opacity": 255,
                  "positionPercentX": 0.199457064,
                  "positionPercentY": -0.05794909,
                  "positionType": 1,
                  "rotation": 0,
                  "scaleX": 1,
                  "scaleY": 1,
                  "sizePercentX": 0.103236608,
                  "sizePercentY": 0.245614037,
                  "sizeType": 1,
                  "tag": 742,
                  "touchAble": false,
                  "useMergedTexture": false,
                  "visible": true,
                  "width": 37,
                  "x": 71,
                  "y": -9,
                  "capInsetsHeight": 1,
                  "capInsetsWidth": 1,
                  "capInsetsX": 0,
                  "capInsetsY": 0,
                  "fileName": null,
                  "fileNameData": {
                    "path": "speedPowerUp.png",
                    "plistFile": "Res1.plist",
                    "resourceType": 1
                  },
                  "scale9Enable": false,
                  "scale9Height": 42,
                  "scale9Width": 37
                }
              },
              {
                "classname": "ImageView",
                "name": null,
                "children": [],
                "options": {
                  "__type": "ImageViewSurrogate:#EditorCommon.JsonModel.Component.GUI",
                  "classname": "ImageView",
                  "name": "gfsdgfsdg_2",
                  "ZOrder": 0,
                  "actiontag": 6960178,
                  "anchorPointX": 0.5,
                  "anchorPointY": 0.5,
                  "classType": "CocoStudio.EngineAdapterWrap.CSImageView",
                  "colorB": 255,
                  "colorG": 255,
                  "colorR": 255,
                  "customProperty": "",
                  "flipX": false,
                  "flipY": false,
                  "height": 42,
                  "ignoreSize": false,
                  "layoutParameter": null,
                  "opacity": 255,
                  "positionPercentX": -0.1507104,
                  "positionPercentY": -0.0696450844,
                  "positionType": 1,
                  "rotation": 0,
                  "scaleX": 1,
                  "scaleY": 1,
                  "sizePercentX": 0.103236608,
                  "sizePercentY": 0.245614037,
                  "sizeType": 1,
                  "tag": 744,
                  "touchAble": false,
                  "useMergedTexture": false,
                  "visible": true,
                  "width": 37,
                  "x": -54,
                  "y": -11,
                  "capInsetsHeight": 1,
                  "capInsetsWidth": 1,
                  "capInsetsX": 0,
                  "capInsetsY": 0,
                  "fileName": null,
                  "fileNameData": {
                    "path": "slowDownPowerUp.png",
                    "plistFile": "Res1.plist",
                    "resourceType": 1
                  },
                  "scale9Enable": false,
                  "scale9Height": 42,
                  "scale9Width": 37
                }
              }
            ],
            "options": {
              "__type": "ImageViewSurrogate:#EditorCommon.JsonModel.Component.GUI",
              "classname": "ImageView",
              "name": "pan5",
              "ZOrder": 0,
              "actiontag": 63793518,
              "anchorPointX": 0.5,
              "anchorPointY": 0.5,
              "classType": "CocoStudio.EngineAdapterWrap.CSImageView",
              "colorB": 255,
              "colorG": 255,
              "colorR": 255,
              "customProperty": "",
              "flipX": false,
              "flipY": false,
              "height": 171,
              "ignoreSize": false,
              "layoutParameter": null,
              "opacity": 255,
              "positionPercentX": 2.86416437E-08,
              "positionPercentY": -2.34498163E-08,
              "positionType": 1,
              "rotation": 0,
              "scaleX": 1,
              "scaleY": 1,
              "sizePercentX": 1,
              "sizePercentY": 1,
              "sizeType": 1,
              "tag": 771,
              "touchAble": false,
              "useMergedTexture": false,
              "visible": true,
              "width": 358.4,
              "x": 0,
              "y": 0,
              "capInsetsHeight": 1,
              "capInsetsWidth": 1,
              "capInsetsX": 0,
              "capInsetsY": 0,
              "fileName": null,
              "fileNameData": {
                "path": "nic.png",
                "plistFile": "Res1.plist",
                "resourceType": 1
              },
              "scale9Enable": false,
              "scale9Height": 171,
              "scale9Width": 358.4
            }
          }
        ],
        "options": {
          "__type": "ImageViewSurrogate:#EditorCommon.JsonModel.Component.GUI",
          "classname": "ImageView",
          "name": "Image",
          "ZOrder": 0,
          "actiontag": 36919491,
          "anchorPointX": 0.5,
          "anchorPointY": 0.5,
          "classType": "CocoStudio.EngineAdapterWrap.CSImageView",
          "colorB": 255,
          "colorG": 255,
          "colorR": 255,
          "customProperty": "",
          "flipX": false,
          "flipY": false,
          "height": 171,
          "ignoreSize": false,
          "layoutParameter": null,
          "opacity": 255,
          "positionPercentX": 0.498046875,
          "positionPercentY": 0.5,
          "positionType": 1,
          "rotation": 0,
          "scaleX": 1,
          "scaleY": 1,
          "sizePercentX": 0.7,
          "sizePercentY": 0.5,
          "sizeType": 1,
          "tag": 297,
          "touchAble": false,
          "useMergedTexture": false,
          "visible": true,
          "width": 358.4,
          "x": 255,
          "y": 171,
          "capInsetsHeight": 1,
          "capInsetsWidth": 1,
          "capInsetsX": 0,
          "capInsetsY": 0,
          "fileName": null,
          "fileNameData": {
            "path": "dialogBg.png",
            "plistFile": "Res1.plist",
            "resourceType": 1
          },
          "scale9Enable": false,
          "scale9Height": 171,
          "scale9Width": 358.4
        }
      }
    ],
    "options": {
      "__type": "PanelSurrogate:#EditorCommon.JsonModel.Component.GUI",
      "classname": "Panel",
      "name": "tutDialogo",
      "ZOrder": 0,
      "actiontag": -1,
      "anchorPointX": 0,
      "anchorPointY": 0,
      "classType": "CocoStudio.EngineAdapterWrap.CSPanel",
      "colorB": 255,
      "colorG": 255,
      "colorR": 255,
      "customProperty": "",
      "flipX": false,
      "flipY": false,
      "height": 342,
      "ignoreSize": false,
      "layoutParameter": null,
      "opacity": 255,
      "positionPercentX": 0,
      "positionPercentY": 0,
      "positionType": 0,
      "rotation": 0,
      "scaleX": 1,
      "scaleY": 1,
      "sizePercentX": 1,
      "sizePercentY": 1,
      "sizeType": 0,
      "tag": 283,
      "touchAble": true,
      "useMergedTexture": false,
      "visible": true,
      "width": 512,
      "x": 0,
      "y": 0,
      "adaptScreen": false,
      "backGroundImage": null,
      "backGroundImageData": null,
      "backGroundScale9Enable": false,
      "bgColorB": 255,
      "bgColorG": 200,
      "bgColorOpacity": 0,
      "bgColorR": 150,
      "bgEndColorB": 255,
      "bgEndColorG": 200,
      "bgEndColorR": 150,
      "bgStartColorB": 255,
      "bgStartColorG": 255,
      "bgStartColorR": 255,
      "capInsetsHeight": 1,
      "capInsetsWidth": 1,
      "capInsetsX": 0,
      "capInsetsY": 0,
      "clipAble": false,
      "colorType": 0,
      "layoutType": 0,
      "vectorX": 0,
      "vectorY": -0.5
    }
  }
}