<?xml version="1.0" encoding="UTF-8"?><?xml-stylesheet type='text/xsl' href='_UpgradeReport_Files/UpgradeReport.xslt'?><UpgradeLog>
<Properties><Property Name="Solution" Value="HelloWorld.win32">
</Property><Property Name="Solution File" Value="D:\working\jacos2d-x\Jacos2dx\src\trunk\Jacos2d-x\win32\HelloWorld.win32.sln">
</Property><Property Name="Date" Value="Monday, August 20, 2012">
</Property><Property Name="Time" Value="10:00:56 AM">
</Property></Properties><Event ErrorLevel="0" Project="HelloWorld.win32" Source="HelloWorld.win32.vcproj" Description="Converting project file 'D:\working\jacos2d-x\Jacos2dx\src\trunk\Jacos2d-x\win32\HelloWorld.win32.vcproj'.">
</Event><Event ErrorLevel="1" Project="HelloWorld.win32" Source="HelloWorld.win32.vcproj" Description="VCWebServiceProxyGeneratorTool is no longer supported. The tool has been removed from your project settings.">
</Event><Event ErrorLevel="0" Project="HelloWorld.win32" Source="HelloWorld.win32.vcproj" Description="Done converting to new project file 'D:\working\jacos2d-x\Jacos2dx\src\trunk\Jacos2d-x\win32\HelloWorld.win32.vcxproj'.">
</Event><Event ErrorLevel="3" Project="HelloWorld.win32" Source="HelloWorld.win32.vcproj" Description="Converted">
</Event></UpgradeLog>